person_id,children_bio,children_step,children_adopted,grand_children_bio,grand_children_step,grand_children_adopted,siblings_full,siblings_half_f,siblings_half_m,siblings_step,siblings_cousin_f,siblings_cousin_m,siblings_distant,parents_bio,parents_step,parents_adopted,grandparents_f,grandparents_m,spouses
1,,,,,,,,,,,,f3,,2; 3,,,,,
2,1,,,,,,,,,,,,,4; 5,,,,,
3,1,,,,,,,,,,,,,6; 7,,,,,
4,2,,,2:1,,,,,,,,,,8; 9,,,,,
5,2,,,2:1,,,,,,,,,,10; 11,,,,,
6,3;f1,,,3:1; f1:f3,,,,,,,,,,12; 13,,,,,
7,3;f1,,,3:1; f1:f3,,,,,,,,,,14; 15,,,,,
8,,,,,,,,,,,,,,16; 17,,,,,
9,,,,,,,,,,,,,,18; 19,,,,,
10,,,,,,,,,,,,,,20; 21,,,,,
11,,,,,,,,,,,,,,22; 23,,,,,
12,,,,,,,,,,,,,,24; 25,,,,,
13,,,,,,,,,,,,,,26; 27,,,,,
14,,,,,,,,,,,,,,28; 29,,,,,
15,,,,,,,,,,,,,,30; 31,,,,,
16,,,,,,,,,,,,,,32; 33,,,,,
17,,,,,,,,,,,,,,34; 35,,,,,
18,,,,,,,,,,,,,,36; 37,,,,,
19,,,,,,,,,,,,,,38; 39,,,,,
20,,,,,,,,,,,,,,40; 41,,,,,
21,,,,,,,,,,,,,,42; 43,,,,,
22,,,,,,,,,,,,,,44; 45,,,,,
23,,,,,,,,,,,,,,46; 47,,,,,
24,,,,,,,,,,,,,,48; 49,,,,,
25,,,,,,,,,,,,,,50; 51,,,,,
26,,,,,,,,,,,,,,52; 53,,,,,
27,,,,,,,,,,,,,,54; 55,,,,,
28,,,,,,,,,,,,,,56; 57,,,,,
29,,,,,,,,,,,,,,58; 59,,,,,
30,,,,,,,,,,,,,,60; 61,,,,,
31,,,,,,,,,,,,,,62; 63,,,,,
32,,,,,,,,,,,,,,64; 65,,,,,
33,,,,,,,,,,,,,,66; 67,,,,,
34,,,,,,,,,,,,,,68; 69,,,,,
35,,,,,,,,,,,,,,70; 71,,,,,
36,,,,,,,,,,,,,,72; 73,,,,,
37,,,,,,,,,,,,,,74; 75,,,,,
38,,,,,,,,,,,,,,76; 77,,,,,
39,,,,,,,,,,,,,,78; 79,,,,,
40,,,,,,,,,,,,,,80; 81,,,,,
41,,,,,,,,,,,,,,82; 83,,,,,
42,,,,,,,,,,,,,,84; 85,,,,,
43,,,,,,,,,,,,,,86; 87,,,,,
44,,,,,,,,,,,,,,86; 87,,,,,
45,,,,,,,,,,,,,,90; 91,,,,,
46,,,,,,,,,,,,,,92; 93,,,,,
47,,,,,,,,,,,,,,94; 95,,,,,
48,,,,,,,,,,,,,,96; 97,,,,,
49,,,,,,,,,,,,,,98; 99,,,,,
50,,,,,,,,,,,,,,100; 101,,,,,
51,,,,,,,,,,,,,,102; 103,,,,,
52,,,,,,,,,,,,,,104; 105,,,,,
53,,,,,,,,,,,,,,106; 107,,,,,
54,,,,,,,,,,,,,,108; 109,,,,,
55,,,,,,,,,,,,,,110; 111,,,,,
56,,,,,,,,,,,,,,112; 113,,,,,
57,,,,,,,,,,,,,,114; 115,,,,,
58,,,,,,,,,,,,,,116; 117,,,,,
59,,,,,,,,,,,,,,118; 119,,,,,
60,,,,,,,,,,,,,,120; 121,,,,,
61,,,,,,,,,,,,,,122; 123,,,,,
62,,,,,,,,,,,,,,124; 125,,,,,
63,,,,,,,,,,,,,,126; 127,,,,,
64,,,,,,,,,,,,,,128; 129,,,,,
65,,,,,,,,,,,,,,130; 131,,,,,
66,,,,,,,,,,,,,,132; 133,,,,,
67,,,,,,,,,,,,,,134; 135,,,,,
68,,,,,,,,,,,,,,136; 137,,,,,
69,,,,,,,,,,,,,,138; 139,,,,,
70,,,,,,,,,,,,,,140; 141,,,,,
71,,,,,,,,,,,,,,142; 143,,,,,
72,,,,,,,,,,,,,,144; 145,,,,,
73,,,,,,,,,,,,,,146; 147,,,,,
74,,,,,,,,,,,,,,148; 149,,,,,
75,,,,,,,,,,,,,,150; 151,,,,,
76,,,,,,,,,,,,,,152; 153,,,,,
77,,,,,,,,,,,,,,154; 155,,,,,
78,,,,,,,,,,,,,,156; 157,,,,,
79,,,,,,,,,,,,,,158; 159,,,,,
80,,,,,,,,,,,,,,160; 161,,,,,
81,,,,,,,,,,,,,,162; 163,,,,,
82,,,,,,,,,,,,,,164; 165,,,,,
83,,,,,,,,,,,,,,166; 167,,,,,
84,,,,,,,,,,,,,,168; 169,,,,,
85,,,,,,,,,,,,,,170; 171,,,,,
86,,,,,,,,,,,,,,172; 173,,,,,
87,,,,,,,,,,,,,,174; 175,,,,,
90,,,,,,,,,,,,,,180; 181,,,,,
91,,,,,,,,,,,,,,182; 183,,,,,
92,,,,,,,,,,,,,,184; 185,,,,,
93,,,,,,,,,,,,,,186; 187,,,,,
94,,,,,,,,,,,,,,188; 189,,,,,
95,,,,,,,,,,,,,,190; 191,,,,,
96,,,,,,,,,,,,,,192; 193,,,,,
97,,,,,,,,,,,,,,194; 195,,,,,
98,,,,,,,,,,,,,,196; 197,,,,,
99,,,,,,,,,,,,,,198; 199,,,,,
100,,,,,,,,,,,,,,200; 201,,,,,
101,,,,,,,,,,,,,,202; 203,,,,,
102,,,,,,,,,,,,,,204; 205,,,,,
103,,,,,,,,,,,,,,206; 207,,,,,
104,,,,,,,,,,,,,,208; 209,,,,,
105,,,,,,,,,,,,,,210; 211,,,,,
106,,,,,,,,,,,,,,212; 213,,,,,
107,,,,,,,,,,,,,,214; 215,,,,,
108,,,,,,,,,,,,,,216; 217,,,,,
109,,,,,,,,,,,,,,218; 219,,,,,
110,,,,,,,,,,,,,,220; 221,,,,,
111,,,,,,,,,,,,,,222; 223,,,,,
112,,,,,,,,,,,,,,224; 225,,,,,
113,,,,,,,,,,,,,,226; 227,,,,,
114,,,,,,,,,,,,,,228; 229,,,,,
115,,,,,,,,,,,,,,230; 231,,,,,
116,,,,,,,,,,,,,,232; 233,,,,,
117,,,,,,,,,,,,,,234; 235,,,,,
118,,,,,,,,,,,,,,236; 237,,,,,
119,,,,,,,,,,,,,,238; 239,,,,,
120,,,,,,,,,,,,,,240; 241,,,,,
121,,,,,,,,,,,,,,242; 243,,,,,
122,,,,,,,,,,,,,,244; 245,,,,,
123,,,,,,,,,,,,,,246; 247,,,,,
124,,,,,,,,,,,,,,248; 249,,,,,
125,,,,,,,,,,,,,,250; 251,,,,,
126,,,,,,,,,,,,,,252; 253,,,,,
127,,,,,,,,,,,,,,254; 255,,,,,
128,,,,,,,,,,,,,,256; 257,,,,,
129,,,,,,,,,,,,,,258; 259,,,,,
130,,,,,,,,,,,,,,260; 261,,,,,
131,,,,,,,,,,,,,,262; 263,,,,,
132,,,,,,,,,,,,,,264; 265,,,,,
133,,,,,,,,,,,,,,266; 267,,,,,
134,,,,,,,,,,,,,,268; 269,,,,,
135,,,,,,,,,,,,,,270; 271,,,,,
136,,,,,,,,,,,,,,264; 265,,,,,
137,,,,,,,,,,,,,,274; 275,,,,,
138,,,,,,,,,,,,,,276; 277,,,,,
139,,,,,,,,,,,,,,278; 279,,,,,
140,,,,,,,,,,,,,,280; 281,,,,,
141,,,,,,,,,,,,,,282; 283,,,,,
142,,,,,,,,,,,,,,134;285,,,,,
143,,,,,,,,,,,,,,286; 287,,,,,
144,,,,,,,,,,,,,,288; 289,,,,,
145,,,,,,,,,,,,,,290; 291,,,,,
146,,,,,,,,,,,,,,292; 293,,,,,
147,,,,,,,,,,,,,,294; 295,,,,,
148,,,,,,,,,,,,,,296; 297,,,,,
149,,,,,,,,,,,,,,298; 299,,,,,
150,,,,,,,,,,,,,,300; 301,,,,,
151,,,,,,,,,,,,,,302; 303,,,,,
152,,,,,,,,,,,,,,304; 305,,,,,
153,,,,,,,,,,,,,,306; 307,,,,,
154,,,,,,,,,,,,,,308; 309,,,,,
155,,,,,,,,,,,,,,310; 311,,,,,
156,,,,,,,,,,,,,,312; 313,,,,,
157,,,,,,,,,,,,,,314; 315,,,,,
158,,,,,,,,,,,,,,270;271,,,,,
159,,,,,,,,,,,,,,318; 319,,,,,
160,,,,,,,,,,,,,,320; 321,,,,,
161,,,,,,,,,,,,,,322; 323,,,,,
162,,,,,,,,,,,,,,324; 325,,,,,
163,,,,,,,,,,,,,,326; 327,,,,,
164,,,,,,,,,,,,,,328; 329,,,,,
165,,,,,,,,,,,,,,330; 331,,,,,
166,,,,,,,,,,,,,,332; 333,,,,,
167,,,,,,,,,,,,,,334; 335,,,,,
168,,,,,,,,,,,,,,336; 337,,,,,
169,,,,,,,,,,,,,,338; 339,,,,,
170,,,,,,,,,,,,,,340; 341,,,,,
171,,,,,,,,,,,,,,342; 343,,,,,
172,,,,,,,,,,,,,,344; 345,,,,,
173,,,,,,,,,,,,,,332; 333,,,,,
174,,,,,,,,,,,,,,348; 349,,,,,
175,,,,,,,,,,,,,,350; 351,,,,,
180,,,,,,,,,,,,,,360; 361,,,,,
181,,,,,,,,,,,,,,362; 363,,,,,
182,,,,,,,,,,,,,,364; 365,,,,,
183,,,,,,,,,,,,,,366; 367,,,,,
184,,,,,,,,,,,,,,368; 369,,,,,
185,,,,,,,,,,,,,,370; 371,,,,,
186,,,,,,,,,,,,,,372; 373,,,,,
187,,,,,,,,,,,,,,374; 375,,,,,
188,,,,,,,,,,,,,,376; 377,,,,,
189,,,,,,,,,,,,,,378; 379,,,,,
190,,,,,,,,,,,,,,380; 381,,,,,
191,,,,,,,,,,,,,,382; 383,,,,,
192,,,,,,,,,,,,,,384; 385,,,,,
193,,,,,,,,,,,,,,386; 387,,,,,
194,,,,,,,,,,,,,,388; 389,,,,,
195,,,,,,,,,,,,,,390; 391,,,,,
196,,,,,,,,,,,,,,392; 393,,,,,
197,,,,,,,,,,,,,,394; 395,,,,,
198,,,,,,,,,,,,,,396; 397,,,,,
199,,,,,,,,,,,,,,398; 399,,,,,
200,,,,,,,,,,,,,,400; 401,,,,,
201,,,,,,,,,,,,,,402; 403,,,,,
202,,,,,,,,,,,,,,404; 405,,,,,
203,,,,,,,,,,,,,,406; 407,,,,,
204,,,,,,,,,,,,,,408; 409,,,,,
205,,,,,,,,,,,,,,410; 411,,,,,
206,,,,,,,,,,,,,,412; 413,,,,,
207,,,,,,,,,,,,,,414; 415,,,,,
208,,,,,,,,,,,,,,416; 417,,,,,
209,,,,,,,,,,,,,,418; 419,,,,,
210,,,,,,,,,,,,,,194; 195,,,,,
211,,,,,,,,,,,,,,404; 405,,,,,
212,,,,,,,,,,,,,,424; 425,,,,,
213,,,,,,,,,,,,,,426; 427,,,,,
214,,,,,,,,,,,,,,406; 407,,,,,
215,,,,,,,,,,,,,,430; 431,,,,,
216,,,,,,,,,,,,,,432; 433,,,,,
217,,,,,,,,,,,,,,434; 435,,,,,
218,,,,,,,,,,,,,,436; 437,,,,,
219,,,,,,,,,,,,,,438; 439,,,,,
220,,,,,,,,,,,,,,440; 441,,,,,
221,,,,,,,,,,,,,,442; 443,,,,,
222,,,,,,,,,,,,,,444; 445,,,,,
223,,,,,,,,,,,,,,446; 447,,,,,
224,,,,,,,,,,,,,,448; 449,,,,,
225,,,,,,,,,,,,,,450; 451,,,,,
226,,,,,,,,,,,,,,452; 453,,,,,
227,,,,,,,,,,,,,,454; 455,,,,,
228,,,,,,,,,,,,,,456,,,,,
229,,,,,,,,,,,,,,458; 459,,,,,
232,,,,,,,,,,,,,,464; 465,,,,,
233,,,,,,,,,,,,,,226; 227,,,,,
234,,,,,,,,,,,,,,468; 469,,,,,
235,,,,,,,,,,,,,,470; 471,,,,,
236,,,,,,,,,,,,,,472; 473,,,,,
237,,,,,,,,,,,,,,474; 475,,,,,
238,,,,,,,,,,,,,,476; 477,,,,,
239,,,,,,,,,,,,,,478; 479,,,,,
240,,,,,,,,,,,,,,480; 481,,,,,
241,,,,,,,,,,,,,,482; 483,,,,,
242,,,,,,,,,,,,,,484; 485,,,,,
243,,,,,,,,,,,,,,486; 487,,,,,
244,,,,,,,,,,,,,,488; 489,,,,,
245,,,,,,,,,,,,,,490; 491,,,,,
246,,,,,,,,,,,,,,492; 493,,,,,
247,,,,,,,,,,,,,,494; 495,,,,,
248,,,,,,,,,,,,,,496; 497,,,,,
249,,,,,,,,,,,,,,498; 499,,,,,
250,,,,,,,,,,,,,,500; 501,,,,,
251,,,,,,,,,,,,,,502; 503,,,,,
252,,,,,,,,,,,,,,504; 505,,,,,
253,,,,,,,,,,,,,,506; 507,,,,,
254,,,,,,,,,,,,,,508; 509,,,,,
255,,,,,,,,,,,,,,510; 511,,,,,
256,,,,,,,,,,,,,,512; 513,,,,,
257,,,,,,,,,,,,,,514; 515,,,,,
258,,,,,,,,,,,,,,516; 517,,,,,
259,,,,,,,,,,,,,,518; 519,,,,,
260,,,,,,,,,,,,,,520; 521,,,,,
261,,,,,,,,,,,,,,522; 523,,,,,
262,,,,,,,,,,,,,,524; 525,,,,,
263,,,,,,,,,,,,,,526; 527,,,,,
264,,,,,,,,,,,,,,528; 529,,,,,
265,,,,,,,,,,,,,,530; 531,,,,,
266,,,,,,,,,,,,,,532; 533,,,,,
267,,,,,,,,,,,,,,534; 535,,,,,
268,,,,,,,,,,,,,,536; 537,,,,,
269,,,,,,,,,,,,,,538; 539,,,,,
270,,,,,,,,,,,,,,540; 541,,,,,
271,,,,,,,,,,,,,,542; 543,,,,,
274,,,,,,,,,,,,,,548; 549,,,,,
275,,,,,,,,,,,,,,550; 551,,,,,
276,,,,,,,,,,,,,,512; 513,,,,,
277,,,,,,,,,,,,,,554; 555,,,,,
278,,,,,,,,,,,,,,556; 557,,,,,
279,,,,,,,,,,,,,,558; 559,,,,,
280,,,,,,,,,,,,,,560; 561,,,,,
281,,,,,,,,,,,,,,562; 563,,,,,
282,,,,,,,,,,,,,,564; 565,,,,,
283,,,,,,,,,,,,,,566; 567,,,,,
285,,,,,,,,,,,,,,570; 571,,,,,
286,,,,,,,,,,,,,,572; 573,,,,,
287,,,,,,,,,,,,,,574; 575,,,,,
288,,,,,,,,,,,,,,576; 577,,,,,
289,,,,,,,,,,,,,,578; 579,,,,,
290,,,,,,,,,,,,,,580; 581,,,,,
291,,,,,,,,,,,,,,582; 583,,,,,
292,,,,,,,,,,,,,,584; 585,,,,,
293,,,,,,,,,,,,,,586; 587,,,,,
294,,,,,,,,,,,,,,588; 589,,,,,
295,,,,,,,,,,,,,,590; 591,,,,,
296,,,,,,,,,,,,,,592; 593,,,,,
297,,,,,,,,,,,,,,594; 595,,,,,
298,,,,,,,,,,,,,,596; 597,,,,,
299,,,,,,,,,,,,,,598; 599,,,,,
300,,,,,,,,,,,,,,600; 601,,,,,
301,,,,,,,,,,,,,,602; 603,,,,,
302,,,,,,,,,,,,,,604; 605,,,,,
303,,,,,,,,,,,,,,606; 607,,,,,
304,,,,,,,,,,,,,,608; 609,,,,,
305,,,,,,,,,,,,,,610; 611,,,,,
306,,,,,,,,,,,,,,612; 613,,,,,
307,,,,,,,,,,,,,,614; 615,,,,,
308,,,,,,,,,,,,,,616; 617,,,,,
309,,,,,,,,,,,,,,618; 619,,,,,
310,,,,,,,,,,,,,,576; 577,,,,,
311,,,,,,,,,,,,,,622; 623,,,,,
312,,,,,,,,,,,,,,624; 625,,,,,
313,,,,,,,,,,,,,,626; 627,,,,,
314,,,,,,,,,,,,,,628; 629,,,,,
315,,,,,,,,,,,,,,630; 631,,,,,
318,,,,,,,,,,,,,,636; 637,,,,,
319,,,,,,,,,,,,,,638; 639,,,,,
320,,,,,,,,,,,,,,640; 641,,,,,
321,,,,,,,,,,,,,,642; 643,,,,,
322,,,,,,,,,,,,,,644; 645,,,,,
323,,,,,,,,,,,,,,646; 647,,,,,
324,,,,,,,,,,,,,,648; 649,,,,,
325,,,,,,,,,,,,,,650; 651,,,,,
326,,,,,,,,,,,,,,652; 653,,,,,
327,,,,,,,,,,,,,,654; 655,,,,,
328,,,,,,,,,,,,,,656; 657,,,,,
329,,,,,,,,,,,,,,658; 659,,,,,
330,,,,,,,,,,,,,,660; 661,,,,,
331,,,,,,,,,,,,,,662; 663,,,,,
332,,,,,,,,,,,,,,664; 665,,,,,
333,,,,,,,,,,,,,,666; 667,,,,,
334,,,,,,,,,,,,,,668; 669,,,,,
335,,,,,,,,,,,,,,670; 671,,,,,
336,,,,,,,,,,,,,,672; 673,,,,,
337,,,,,,,,,,,,,,674; 675,,,,,
338,,,,,,,,,,,,,,676; 677,,,,,
339,,,,,,,,,,,,,,678; 679,,,,,
340,,,,,,,,,,,,,,680; 681,,,,,
341,,,,,,,,,,,,,,682; 683,,,,,
342,,,,,,,,,,,,,,684; 685,,,,,
343,,,,,,,,,,,,,,686; 687,,,,,
344,,,,,,,,,,,,,,688; 689,,,,,
345,,,,,,,,,,,,,,690; 691,,,,,
348,,,,,,,,,,,,,,696; 697,,,,,
349,,,,,,,,,,,,,,698; 699,,,,,
350,,,,,,,,,,,,,,700; 701,,,,,
351,,,,,,,,,,,,,,702; 703,,,,,
360,,,,,,,,,,,,,,720; 721,,,,,
361,,,,,,,,,,,,,,722; 723,,,,,
362,,,,,,,,,,,,,,724; 725,,,,,
363,,,,,,,,,,,,,,726; 727,,,,,
364,,,,,,,,,,,,,,728; 729,,,,,
365,,,,,,,,,,,,,,730; 731,,,,,
366,,,,,,,,,,,,,,732; 733,,,,,
367,,,,,,,,,,,,,,734; 735,,,,,
368,,,,,,,,,,,,,,338; 339,,,,,
369,,,,,,,,,,,,,,738; 739,,,,,
370,,,,,,,,,,,,,,740; 741,,,,,
371,,,,,,,,,,,,,,742; 743,,,,,
372,,,,,,,,,,,,,,744; 745,,,,,
373,,,,,,,,,,,,,,746; 747,,,,,
374,,,,,,,,,,,,,,748; 749,,,,,
375,,,,,,,,,,,,,,750; 751,,,,,
376,,,,,,,,,,,,,,752; 753,,,,,
377,,,,,,,,,,,,,,754; 755,,,,,
378,,,,,,,,,,,,,,756; 757,,,,,
379,,,,,,,,,,,,,,758; 759,,,,,
380,,,,,,,,,,,,,,760; 761,,,,,
381,,,,,,,,,,,,,,762; 763,,,,,
382,,,,,,,,,,,,,,764; 765,,,,,
383,,,,,,,,,,,,,,766; 767,,,,,
384,,,,,,,,,,,,,,768; 769,,,,,
385,,,,,,,,,,,,,,770; 771,,,,,
386,,,,,,,,,,,,,,772; 773,,,,,
387,,,,,,,,,,,,,,774; 775,,,,,
388,,,,,,,,,,,,,,776; 777,,,,,
389,,,,,,,,,,,,,,778; 779,,,,,
390,,,,,,,,,,,,,,780; 781,,,,,
391,,,,,,,,,,,,,,782; 783,,,,,
392,,,,,,,,,,,,,,784; 785,,,,,
393,,,,,,,,,,,,,,786; 787,,,,,
394,,,,,,,,,,,,,,788; 789,,,,,
395,,,,,,,,,,,,,,790; 791,,,,,
396,,,,,,,,,,,,,,792; 793,,,,,
397,,,,,,,,,,,,,,794; 795,,,,,
398,,,,,,,,,,,,,,796; 797,,,,,
399,,,,,,,,,,,,,,798; 799,,,,,
400,,,,,,,,,,,,,,800; 801,,,,,
401,,,,,,,,,,,,,,802; 803,,,,,
402,,,,,,,,,,,,,,804; 805,,,,,
403,,,,,,,,,,,,,,806; 807,,,,,
404,,,,,,,,,,,,,,808; 809,,,,,
405,,,,,,,,,,,,,,810; 811,,,,,
406,,,,,,,,,,,,,,812; 813,,,,,
407,,,,,,,,,,,,,,814; 815,,,,,
408,,,,,,,,,,,,,,816; 817,,,,,
409,,,,,,,,,,,,,,818; 819,,,,,
410,,,,,,,,,,,,,,820; 821,,,,,
411,,,,,,,,,,,,,,822; 823,,,,,
412,,,,,,,,,,,,,,824; 825,,,,,
413,,,,,,,,,,,,,,826; 827,,,,,
414,,,,,,,,,,,,,,828; 829,,,,,
415,,,,,,,,,,,,,,830; 831,,,,,
416,,,,,,,,,,,,,,832; 833,,,,,
417,,,,,,,,,,,,,,834; 835,,,,,
418,,,,,,,,,,,,,,836; 837,,,,,
419,,,,,,,,,,,,,,838; 839,,,,,
424,,,,,,,,,,,,,,848; 849,,,,,
425,,,,,,,,,,,,,,850; 851,,,,,
426,,,,,,,,,,,,,,852; 853,,,,,
427,,,,,,,,,,,,,,854; 855,,,,,
430,,,,,,,,,,,,,,860; 861,,,,,
431,,,,,,,,,,,,,,862; 863,,,,,
432,,,,,,,,,,,,,,864; 865,,,,,
433,,,,,,,,,,,,,,866; 867,,,,,
434,,,,,,,,,,,,,,868; 869,,,,,
435,,,,,,,,,,,,,,870; 871,,,,,
436,,,,,,,,,,,,,,872; 873,,,,,
437,,,,,,,,,,,,,,874; 875,,,,,
438,,,,,,,,,,,,,,876; 877,,,,,
439,,,,,,,,,,,,,,878; 879,,,,,
440,,,,,,,,,,,,,,880; 881,,,,,
441,,,,,,,,,,,,,,882; 883,,,,,
442,,,,,,,,,,,,,,884; 885,,,,,
443,,,,,,,,,,,,,,886; 887,,,,,
444,,,,,,,,,,,,,,888; 889,,,,,
445,,,,,,,,,,,,,,890; 891,,,,,
446,,,,,,,,,,,,,,892; 893,,,,,
447,,,,,,,,,,,,,,894; 895,,,,,
454,,,,,,,,,,,,,,908; 909,,,,,
456,,,,,,,,,,,,,,912; 913,,,,,
458,,,,,,,,,,,,,,916; 917,,,,,
459,,,,,,,,,,,,,,918; 919,,,,,
470,,,,,,,,,,,,,,940; 941,,,,,
471,,,,,,,,,,,,,,942; 943,,,,,
472,,,,,,,,,,,,,,944; 945,,,,,
476,,,,,,,,,,,,,,952; 953,,,,,
477,,,,,,,,,,,,,,954; 955,,,,,
478,,,,,,,,,,,,,,956; 957,,,,,
479,,,,,,,,,,,,,,958; 959,,,,,
480,,,,,,,,,,,,,,960; 961,,,,,
481,,,,,,,,,,,,,,962; 963,,,,,
482,,,,,,,,,,,,,,964; 965,,,,,
483,,,,,,,,,,,,,,966; 967,,,,,
484,,,,,,,,,,,,,,968; 969,,,,,
485,,,,,,,,,,,,,,970; 971,,,,,
486,,,,,,,,,,,,,,972; 973,,,,,
487,,,,,,,,,,,,,,974; 975,,,,,
488,,,,,,,,,,,,,,976; 977,,,,,
489,,,,,,,,,,,,,,978; 979,,,,,
490,,,,,,,,,,,,,,980; 981,,,,,
491,,,,,,,,,,,,,,982; 983,,,,,
492,,,,,,,,,,,,,,984; 985,,,,,
493,,,,,,,,,,,,,,986; 987,,,,,
494,,,,,,,,,,,,,,988; 989,,,,,
495,,,,,,,,,,,,,,990; 991,,,,,
496,,,,,,,,,,,,,,992; 993,,,,,
497,,,,,,,,,,,,,,994; 995,,,,,
500,,,,,,,,,,,,,,1000; 1001,,,,,
501,,,,,,,,,,,,,,1002; 1003,,,,,
502,,,,,,,,,,,,,,1004; 1005,,,,,
503,,,,,,,,,,,,,,1006; 1007,,,,,
504,,,,,,,,,,,,,,1008; 1009,,,,,
505,,,,,,,,,,,,,,1010; 1011,,,,,
506,,,,,,,,,,,,,,1012; 1013,,,,,
507,,,,,,,,,,,,,,1014; 1015,,,,,
508,,,,,,,,,,,,,,1016; 1017,,,,,
509,,,,,,,,,,,,,,1018; 1019,,,,,
510,,,,,,,,,,,,,,1020; 1021,,,,,
511,,,,,,,,,,,,,,1022; 1023,,,,,
512,,,,,,,,,,,,,,1024; 1025,,,,,
513,,,,,,,,,,,,,,1026; 1027,,,,,
514,,,,,,,,,,,,,,1028; 1029,,,,,
515,,,,,,,,,,,,,,1030; 1031,,,,,
516,,,,,,,,,,,,,,1032; 1033,,,,,
518,,,,,,,,,,,,,,1036; 1037,,,,,
520,,,,,,,,,,,,,,1040; 1041,,,,,
521,,,,,,,,,,,,,,1042; 1043,,,,,
522,,,,,,,,,,,,,,1044; 1045,,,,,
523,,,,,,,,,,,,,,1046; 1047,,,,,
524,,,,,,,,,,,,,,1048; 1049,,,,,
526,,,,,,,,,,,,,,1052; 1053,,,,,
527,,,,,,,,,,,,,,1054; 1055,,,,,
528,,,,,,,,,,,,,,1056; 1057,,,,,
529,,,,,,,,,,,,,,1058; 1059,,,,,
530,,,,,,,,,,,,,,1060; 1061,,,,,
532,,,,,,,,,,,,,,1064; 1065,,,,,
534,,,,,,,,,,,,,,1068; 1069,,,,,
535,,,,,,,,,,,,,,1070; 1071,,,,,
536,,,,,,,,,,,,,,1072; 1073,,,,,
538,,,,,,,,,,,,,,1076; 1077,,,,,
540,,,,,,,,,,,,,,1080; 1081,,,,,
542,,,,,,,,,,,,,,1084; 1085,,,,,
548,,,,,,,,,,,,,,1096; 1097,,,,,
550,,,,,,,,,,,,,,1100; 1101,,,,,
554,,,,,,,,,,,,,,1108; 1109,,,,,
556,,,,,,,,,,,,,,1112; 1113,,,,,
558,,,,,,,,,,,,,,1116; 1117,,,,,
559,,,,,,,,,,,,,,1118; 1119,,,,,
560,,,,,,,,,,,,,,1120; 1121,,,,,
561,,,,,,,,,,,,,,1122; 1123,,,,,
562,,,,,,,,,,,,,,1124; 1125,,,,,
564,,,,,,,,,,,,,,1128; 1129,,,,,
565,,,,,,,,,,,,,,1130; 1131,,,,,
566,,,,,,,,,,,,,,1132; 1133,,,,,
567,,,,,,,,,,,,,,1134; 1135,,,,,
570,,,,,,,,,,,,,,1140; 1141,,,,,
572,,,,,,,,,,,,,,1144; 1145,,,,,
573,,,,,,,,,,,,,,1146; 1147,,,,,
574,,,,,,,,,,,,,,1148; 1149,,,,,
575,,,,,,,,,,,,,,1150; 1151,,,,,
576,,,,,,,,,,,,,,1152; 1153,,,,,
577,,,,,,,,,,,,,,1154; 1155,,,,,
578,,,,,,,,,,,,,,1156; 1157,,,,,
580,,,,,,,,,,,,,,1160; 1161,,,,,
581,,,,,,,,,,,,,,1162; 1163,,,,,
582,,,,,,,,,,,,,,1164; 1165,,,,,
583,,,,,,,,,,,,,,1166; 1167,,,,,
584,,,,,,,,,,,,,,1168; 1169,,,,,
585,,,,,,,,,,,,,,1170; 1171,,,,,
586,,,,,,,,,,,,,,1172; 1173,,,,,
587,,,,,,,,,,,,,,1174; 1175,,,,,
588,,,,,,,,,,,,,,1176; 1177,,,,,
589,,,,,,,,,,,,,,1178; 1179,,,,,
590,,,,,,,,,,,,,,1180; 1181,,,,,
591,,,,,,,,,,,,,,1182; 1183,,,,,
592,,,,,,,,,,,,,,1184; 1185,,,,,
593,,,,,,,,,,,,,,1186; 1187,,,,,
594,,,,,,,,,,,,,,1188; 1189,,,,,
595,,,,,,,,,,,,,,1190; 1191,,,,,
596,,,,,,,,,,,,,,1192; 1193,,,,,
597,,,,,,,,,,,,,,1194; 1195,,,,,
598,,,,,,,,,,,,,,1196; 1197,,,,,
599,,,,,,,,,,,,,,1198; 1199,,,,,
600,,,,,,,,,,,,,,1200; 1201,,,,,
601,,,,,,,,,,,,,,1202; 1203,,,,,
602,,,,,,,,,,,,,,1204; 1205,,,,,
603,,,,,,,,,,,,,,1206; 1207,,,,,
604,,,,,,,,,,,,,,1208; 1209,,,,,
605,,,,,,,,,,,,,,1210; 1211,,,,,
606,,,,,,,,,,,,,,1212; 1213,,,,,
607,,,,,,,,,,,,,,1214; 1215,,,,,
608,,,,,,,,,,,,,,1216; 1217,,,,,
610,,,,,,,,,,,,,,1220; 1221,,,,,
611,,,,,,,,,,,,,,1222; 1223,,,,,
612,,,,,,,,,,,,,,1224; 1225,,,,,
614,,,,,,,,,,,,,,1228; 1229,,,,,
616,,,,,,,,,,,,,,1232; 1233,,,,,
617,,,,,,,,,,,,,,1234; 1235,,,,,
618,,,,,,,,,,,,,,1236; 1237,,,,,
622,,,,,,,,,,,,,,1244; 1245,,,,,
623,,,,,,,,,,,,,,1246; 1247,,,,,
624,,,,,,,,,,,,,,1248; 1249,,,,,
625,,,,,,,,,,,,,,1250; 1251,,,,,
626,,,,,,,,,,,,,,1252; 1253,,,,,
628,,,,,,,,,,,,,,1256; 1257,,,,,
629,,,,,,,,,,,,,,1258; 1259,,,,,
630,,,,,,,,,,,,,,1260; 1261,,,,,
636,,,,,,,,,,,,,,1272; 1273,,,,,
637,,,,,,,,,,,,,,1274; 1275,,,,,
638,,,,,,,,,,,,,,1276; 1277,,,,,
639,,,,,,,,,,,,,,1278; 1279,,,,,
640,,,,,,,,,,,,,,1280; 1281,,,,,
641,,,,,,,,,,,,,,1282; 1283,,,,,
642,,,,,,,,,,,,,,1284; 1285,,,,,
643,,,,,,,,,,,,,,1286; 1287,,,,,
644,,,,,,,,,,,,,,1288; 1289,,,,,
645,,,,,,,,,,,,,,1290; 1291,,,,,
646,,,,,,,,,,,,,,1292; 1293,,,,,
647,,,,,,,,,,,,,,1294; 1295,,,,,
648,,,,,,,,,,,,,,1296; 1297,,,,,
649,,,,,,,,,,,,,,1298; 1299,,,,,
650,,,,,,,,,,,,,,1300; 1301,,,,,
651,,,,,,,,,,,,,,1302; 1303,,,,,
652,,,,,,,,,,,,,,1304; 1305,,,,,
653,,,,,,,,,,,,,,1306; 1307,,,,,
654,,,,,,,,,,,,,,1308; 1309,,,,,
655,,,,,,,,,,,,,,1310; 1311,,,,,
656,,,,,,,,,,,,,,1312; 1313,,,,,
658,,,,,,,,,,,,,,1316; 1317,,,,,
659,,,,,,,,,,,,,,1318; 1319,,,,,
660,,,,,,,,,,,,,,1320; 1321,,,,,
661,,,,,,,,,,,,,,1322; 1323,,,,,
662,,,,,,,,,,,,,,1324; 1325,,,,,
663,,,,,,,,,,,,,,1326; 1327,,,,,
664,,,,,,,,,,,,,,1328; 1329,,,,,
665,,,,,,,,,,,,,,1330; 1331,,,,,
666,,,,,,,,,,,,,,1332; 1333,,,,,
667,,,,,,,,,,,,,,1334; 1335,,,,,
668,,,,,,,,,,,,,,1336; 1337,,,,,
669,,,,,,,,,,,,,,1338; 1339,,,,,
670,,,,,,,,,,,,,,1340; 1341,,,,,
671,,,,,,,,,,,,,,1342; 1343,,,,,
672,,,,,,,,,,,,,,1344; 1345,,,,,
674,,,,,,,,,,,,,,1348; 1349,,,,,
675,,,,,,,,,,,,,,1350; 1351,,,,,
676,,,,,,,,,,,,,,1352; 1353,,,,,
677,,,,,,,,,,,,,,1354; 1355,,,,,
678,,,,,,,,,,,,,,1356; 1357,,,,,
679,,,,,,,,,,,,,,1358; 1359,,,,,
680,,,,,,,,,,,,,,1360; 1361,,,,,
681,,,,,,,,,,,,,,1362; 1363,,,,,
682,,,,,,,,,,,,,,1364; 1365,,,,,
683,,,,,,,,,,,,,,1366; 1367,,,,,
684,,,,,,,,,,,,,,1368; 1369,,,,,
686,,,,,,,,,,,,,,1372; 1373,,,,,
687,,,,,,,,,,,,,,1374; 1375,,,,,
688,,,,,,,,,,,,,,1376; 1377,,,,,
689,,,,,,,,,,,,,,1378; 1379,,,,,
690,,,,,,,,,,,,,,1380; 1381,,,,,
691,,,,,,,,,,,,,,1382; 1383,,,,,
696,,,,,,,,,,,,,,1392; 1393,,,,,
698,,,,,,,,,,,,,,1396; 1397,,,,,
699,,,,,,,,,,,,,,1398; 1399,,,,,
700,,,,,,,,,,,,,,1400; 1401,,,,,
701,,,,,,,,,,,,,,1402; 1403,,,,,
702,,,,,,,,,,,,,,1404; 1405,,,,,
703,,,,,,,,,,,,,,1406; 1407,,,,,
720,,,,,,,,,,,,,,1440; 1441,,,,,
721,,,,,,,,,,,,,,1442; 1443,,,,,
722,,,,,,,,,,,,,,1444; 1445,,,,,
723,,,,,,,,,,,,,,1446; 1447,,,,,
724,,,,,,,,,,,,,,1448; 1449,,,,,
725,,,,,,,,,,,,,,1450; 1451,,,,,
726,,,,,,,,,,,,,,1452; 1453,,,,,
727,,,,,,,,,,,,,,1454; 1455,,,,,
728,,,,,,,,,,,,,,1456; 1457,,,,,
730,,,,,,,,,,,,,,1460; 1461,,,,,
732,,,,,,,,,,,,,,1464; 1465,,,,,
733,,,,,,,,,,,,,,1466; 1467,,,,,
734,,,,,,,,,,,,,,1468; 1469,,,,,
735,,,,,,,,,,,,,,1470; 1471,,,,,
738,,,,,,,,,,,,,,1476; 1477,,,,,
739,,,,,,,,,,,,,,1478; 1479,,,,,
740,,,,,,,,,,,,,,1480; 1481,,,,,
741,,,,,,,,,,,,,,1482; 1483,,,,,
742,,,,,,,,,,,,,,1484; 1485,,,,,
743,,,,,,,,,,,,,,1486; 1487,,,,,
744,,,,,,,,,,,,,,1488; 1489,,,,,
745,,,,,,,,,,,,,,1490; 1491,,,,,
746,,,,,,,,,,,,,,1492; 1493,,,,,
747,,,,,,,,,,,,,,1494; 1495,,,,,
748,,,,,,,,,,,,,,1496; 1497,,,,,
749,,,,,,,,,,,,,,1498; 1499,,,,,
750,,,,,,,,,,,,,,1500; 1501,,,,,
751,,,,,,,,,,,,,,1502; 1503,,,,,
752,,,,,,,,,,,,,,1504; 1505,,,,,
753,,,,,,,,,,,,,,1506; 1507,,,,,
754,,,,,,,,,,,,,,1508; 1509,,,,,
755,,,,,,,,,,,,,,1510; 1511,,,,,
756,,,,,,,,,,,,,,1512; 1513,,,,,
757,,,,,,,,,,,,,,1514; 1515,,,,,
758,,,,,,,,,,,,,,1516; 1517,,,,,
759,,,,,,,,,,,,,,1518; 1519,,,,,
760,,,,,,,,,,,,,,1520; 1521,,,,,
761,,,,,,,,,,,,,,1522; 1523,,,,,
762,,,,,,,,,,,,,,1524; 1525,,,,,
763,,,,,,,,,,,,,,1526; 1527,,,,,
764,,,,,,,,,,,,,,1528; 1529,,,,,
766,,,,,,,,,,,,,,1532; 1533,,,,,
768,,,,,,,,,,,,,,1536; 1537,,,,,
770,,,,,,,,,,,,,,1540; 1541,,,,,
772,,,,,,,,,,,,,,1544; 1545,,,,,
774,,,,,,,,,,,,,,1548; 1549,,,,,
775,,,,,,,,,,,,,,1550; 1551,,,,,
776,,,,,,,,,,,,,,1552; 1553,,,,,
777,,,,,,,,,,,,,,1554; 1555,,,,,
778,,,,,,,,,,,,,,1556; 1557,,,,,
779,,,,,,,,,,,,,,1558; 1559,,,,,
780,,,,,,,,,,,,,,1560; 1561,,,,,
781,,,,,,,,,,,,,,1562; 1563,,,,,
782,,,,,,,,,,,,,,1564; 1565,,,,,
783,,,,,,,,,,,,,,1566; 1567,,,,,
784,,,,,,,,,,,,,,1568; 1569,,,,,
785,,,,,,,,,,,,,,1570; 1571,,,,,
786,,,,,,,,,,,,,,1572; 1573,,,,,
788,,,,,,,,,,,,,,1576; 1577,,,,,
790,,,,,,,,,,,,,,1580; 1581,,,,,
792,,,,,,,,,,,,,,1584; 1585,,,,,
793,,,,,,,,,,,,,,1586; 1587,,,,,
794,,,,,,,,,,,,,,1588; 1589,,,,,
796,,,,,,,,,,,,,,1592; 1593,,,,,
797,,,,,,,,,,,,,,1594; 1595,,,,,
798,,,,,,,,,,,,,,1596; 1597,,,,,
799,,,,,,,,,,,,,,1598; 1599,,,,,
800,,,,,,,,,,,,,,1600; 1601,,,,,
801,,,,,,,,,,,,,,1602; 1603,,,,,
802,,,,,,,,,,,,,,1604; 1605,,,,,
804,,,,,,,,,,,,,,1608; 1609,,,,,
806,,,,,,,,,,,,,,1612; 1613,,,,,
808,,,,,,,,,,,,,,1616; 1617,,,,,
809,,,,,,,,,,,,,,1618; 1619,,,,,
810,,,,,,,,,,,,,,1620; 1621,,,,,
812,,,,,,,,,,,,,,1624; 1625,,,,,
813,,,,,,,,,,,,,,1626; 1627,,,,,
814,,,,,,,,,,,,,,1628; 1629,,,,,
815,,,,,,,,,,,,,,1630; 1631,,,,,
816,,,,,,,,,,,,,,1632; 1633,,,,,
817,,,,,,,,,,,,,,1634; 1635,,,,,
818,,,,,,,,,,,,,,1636; 1637,,,,,
820,,,,,,,,,,,,,,1640; 1641,,,,,
821,,,,,,,,,,,,,,1642; 1643,,,,,
822,,,,,,,,,,,,,,1644; 1645,,,,,
823,,,,,,,,,,,,,,1646; 1647,,,,,
826,,,,,,,,,,,,,,1652; 1653,,,,,
827,,,,,,,,,,,,,,1654; 1655,,,,,
830,,,,,,,,,,,,,,1660; 1661,,,,,
831,,,,,,,,,,,,,,1662; 1663,,,,,
832,,,,,,,,,,,,,,1664; 1665,,,,,
833,,,,,,,,,,,,,,1666; 1667,,,,,
834,,,,,,,,,,,,,,1668; 1669,,,,,
835,,,,,,,,,,,,,,1670; 1671,,,,,
836,,,,,,,,,,,,,,1672; 1673,,,,,
837,,,,,,,,,,,,,,1674; 1675,,,,,
838,,,,,,,,,,,,,,1676; 1677,,,,,
839,,,,,,,,,,,,,,1678; 1679,,,,,
848,,,,,,,,,,,,,,1696; 1697,,,,,
849,,,,,,,,,,,,,,1698; 1699,,,,,
850,,,,,,,,,,,,,,1700; 1701,,,,,
851,,,,,,,,,,,,,,1702; 1703,,,,,
852,,,,,,,,,,,,,,1704; 1705,,,,,
853,,,,,,,,,,,,,,1706; 1707,,,,,
854,,,,,,,,,,,,,,1708; 1709,,,,,
855,,,,,,,,,,,,,,1710; 1711,,,,,
860,,,,,,,,,,,,,,1720; 1721,,,,,
861,,,,,,,,,,,,,,1722; 1723,,,,,
862,,,,,,,,,,,,,,1724; 1725,,,,,
863,,,,,,,,,,,,,,1726; 1727,,,,,
864,,,,,,,,,,,,,,1728; 1729,,,,,
865,,,,,,,,,,,,,,1730; 1731,,,,,
866,,,,,,,,,,,,,,1732; 1733,,,,,
867,,,,,,,,,,,,,,1734; 1735,,,,,
868,,,,,,,,,,,,,,1736; 1737,,,,,
869,,,,,,,,,,,,,,1738; 1739,,,,,
870,,,,,,,,,,,,,,1740; 1741,,,,,
871,,,,,,,,,,,,,,1742; 1743,,,,,
872,,,,,,,,,,,,,,1744; 1745,,,,,
873,,,,,,,,,,,,,,1746; 1747,,,,,
874,,,,,,,,,,,,,,1748; 1749,,,,,
875,,,,,,,,,,,,,,1750; 1751,,,,,
876,,,,,,,,,,,,,,1752; 1753,,,,,
877,,,,,,,,,,,,,,1754; 1755,,,,,
878,,,,,,,,,,,,,,1756; 1757,,,,,
879,,,,,,,,,,,,,,1758; 1759,,,,,
880,,,,,,,,,,,,,,1760; 1761,,,,,
881,,,,,,,,,,,,,,1762; 1763,,,,,
882,,,,,,,,,,,,,,1764; 1765,,,,,
883,,,,,,,,,,,,,,1766; 1767,,,,,
884,,,,,,,,,,,,,,1768; 1769,,,,,
885,,,,,,,,,,,,,,1770; 1771,,,,,
886,,,,,,,,,,,,,,1772; 1773,,,,,
887,,,,,,,,,,,,,,1774; 1775,,,,,
888,,,,,,,,,,,,,,1776; 1777,,,,,
889,,,,,,,,,,,,,,1778; 1779,,,,,
890,,,,,,,,,,,,,,1780; 1781,,,,,
891,,,,,,,,,,,,,,1782; 1783,,,,,
892,,,,,,,,,,,,,,1784; 1785,,,,,
893,,,,,,,,,,,,,,1786; 1787,,,,,
894,,,,,,,,,,,,,,1788; 1789,,,,,
895,,,,,,,,,,,,,,1790; 1791,,,,,
912,,,,,,,,,,,,,,1824; 1825,,,,,
913,,,,,,,,,,,,,,1826; 1827,,,,,
916,,,,,,,,,,,,,,1832; 1833,,,,,
917,,,,,,,,,,,,,,1834; 1835,,,,,
918,,,,,,,,,,,,,,1836; 1837,,,,,
919,,,,,,,,,,,,,,1838; 1839,,,,,
940,,,,,,,,,,,,,,1880; 1881,,,,,
941,,,,,,,,,,,,,,1882; 1883,,,,,
944,,,,,,,,,,,,,,1888; 1889,,,,,
945,,,,,,,,,,,,,,1890; 1891,,,,,
952,,,,,,,,,,,,,,1904; 1905,,,,,
953,,,,,,,,,,,,,,1906; 1907,,,,,
954,,,,,,,,,,,,,,1908; 1909,,,,,
955,,,,,,,,,,,,,,1910; 1911,,,,,
956,,,,,,,,,,,,,,1912; 1913,,,,,
957,,,,,,,,,,,,,,1914; 1915,,,,,
958,,,,,,,,,,,,,,1916; 1917,,,,,
959,,,,,,,,,,,,,,1918; 1919,,,,,
960,,,,,,,,,,,,,,1920; 1921,,,,,
961,,,,,,,,,,,,,,1922; 1923,,,,,
962,,,,,,,,,,,,,,1924; 1925,,,,,
964,,,,,,,,,,,,,,1928; 1929,,,,,
965,,,,,,,,,,,,,,1930; 1931,,,,,
966,,,,,,,,,,,,,,1932; 1933,,,,,
967,,,,,,,,,,,,,,1934; 1935,,,,,
968,,,,,,,,,,,,,,1936; 1937,,,,,
969,,,,,,,,,,,,,,1938; 1939,,,,,
970,,,,,,,,,,,,,,,,,,,
971,,,,,,,,,,,,,,1942; 1943,,,,,
972,,,,,,,,,,,,,,1944; 1945,,,,,
973,,,,,,,,,,,,,,1946; 1947,,,,,
974,,,,,,,,,,,,,,1948; 1949,,,,,
975,,,,,,,,,,,,,,1950; 1951,,,,,
976,,,,,,,,,,,,,,1952; 1953,,,,,
977,,,,,,,,,,,,,,1954; 1955,,,,,
978,,,,,,,,,,,,,,1956; 1957,,,,,
979,,,,,,,,,,,,,,1958; 1959,,,,,
986,,,,,,,,,,,,,,1972; 1973,,,,,
987,,,,,,,,,,,,,,1974; 1975,,,,,
988,,,,,,,,,,,,,,1976; 1977,,,,,
989,,,,,,,,,,,,,,1978; 1979,,,,,
991,,,,,,,,,,,,,,1982; 1983,,,,,
992,,,,,,,,,,,,,,1984; 1985,,,,,
993,,,,,,,,,,,,,,1986; 1987,,,,,
994,,,,,,,,,,,,,,1988; 1989,,,,,
995,,,,,,,,,,,,,,1990; 1991,,,,,
1000,,,,,,,,,,,,,,2000; 2001,,,,,
1002,,,,,,,,,,,,,,2004; 2005,,,,,
1004,,,,,,,,,,,,,,2008; 2009,,,,,
1005,,,,,,,,,,,,,,2010; 2011,,,,,
1008,,,,,,,,,,,,,,2016; 2017,,,,,
1009,,,,,,,,,,,,,,2018; 2019,,,,,
1012,,,,,,,,,,,,,,2024; 2025,,,,,
1013,,,,,,,,,,,,,,2026; 2027,,,,,
1014,,,,,,,,,,,,,,2028; 2029,,,,,
1018,,,,,,,,,,,,,,2036; 2037,,,,,
1019,,,,,,,,,,,,,,2038; 2039,,,,,
1020,,,,,,,,,,,,,,2040; 2041,,,,,
1021,,,,,,,,,,,,,,2042; 2043,,,,,
1024,,,,,,,,,,,,,,2048; 2049,,,,,
1026,,,,,,,,,,,,,,2052; 2053,,,,,
1028,,,,,,,,,,,,,,2056; 2057,,,,,
1030,,,,,,,,,,,,,,2060; 2061,,,,,
1032,,,,,,,,,,,,,,2064; 2065,,,,,
1036,,,,,,,,,,,,,,2072; 2073,,,,,
1040,,,,,,,,,,,,,,2080; 2081,,,,,
1042,,,,,,,,,,,,,,2084; 2085,,,,,
1044,,,,,,,,,,,,,,2088; 2089,,,,,
1046,,,,,,,,,,,,,,2092; 2093,,,,,
1052,,,,,,,,,,,,,,2104; 2105,,,,,
1054,,,,,,,,,,,,,,2108; 2109,,,,,
1056,,,,,,,,,,,,,,2112; 2113,,,,,
1058,,,,,,,,,,,,,,2116; 2117,,,,,
1064,,,,,,,,,,,,,,2128; 2129,,,,,
1068,,,,,,,,,,,,,,2136; 2137,,,,,
1070,,,,,,,,,,,,,,2140; 2141,,,,,
1080,,,,,,,,,,,,,,2160; 2161,,,,,
1096,,,,,,,,,,,,,,2192; 2193,,,,,
1100,,,,,,,,,,,,,,2200; 2201,,,,,
1112,,,,,,,,,,,,,,2224; 2225,,,,,
1116,,,,,,,,,,,,,,2232; 2233,,,,,
1118,,,,,,,,,,,,,,2236; 2237,,,,,
1120,,,,,,,,,,,,,,2240; 2241,,,,,
1122,,,,,,,,,,,,,,2244; 2245,,,,,
1124,,,,,,,,,,,,,,2248; 2249,,,,,
1128,,,,,,,,,,,,,,2256; 2257,,,,,
1130,,,,,,,,,,,,,,2260; 2261,,,,,
1132,,,,,,,,,,,,,,2264; 2265,,,,,
1134,,,,,,,,,,,,,,2268; 2269,,,,,
1144,,,,,,,,,,,,,,2288; 2289,,,,,
1146,,,,,,,,,,,,,,2292; 2293,,,,,
1148,,,,,,,,,,,,,,2296; 2297,,,,,
1150,,,,,,,,,,,,,,2300; 2301,,,,,
1154,,,,,,,,,,,,,,2308; 2309,,,,,
1160,,,,,,,,,,,,,,2320; 2321,,,,,
1162,,,,,,,,,,,,,,2324; 2325,,,,,
1164,,,,,,,,,,,,,,2328; 2329,,,,,
1166,,,,,,,,,,,,,,2332; 2333,,,,,
1168,,,,,,,,,,,,,,2336; 2337,,,,,
1169,,,,,,,,,,,,,,2338; 2339,,,,,
1170,,,,,,,,,,,,,,2340; 2341,,,,,
1172,,,,,,,,,,,,,,2344; 2345,,,,,
1174,,,,,,,,,,,,,,2348; 2349,,,,,
1176,,,,,,,,,,,,,,2352; 2353,,,,,
1177,,,,,,,,,,,,,,2354; 2355,,,,,
1178,,,,,,,,,,,,,,2356; 2357,,,,,
1179,,,,,,,,,,,,,,2358; 2359,,,,,
1180,,,,,,,,,,,,,,2360; 2361,,,,,
1181,,,,,,,,,,,,,,2362; 2363,,,,,
1182,,,,,,,,,,,,,,2364; 2365,,,,,
1184,,,,,,,,,,,,,,2368; 2369,,,,,
1186,,,,,,,,,,,,,,2372; 2373,,,,,
1188,,,,,,,,,,,,,,2376; 2377,,,,,
1190,,,,,,,,,,,,,,2380; 2381,,,,,
1192,,,,,,,,,,,,,,2384; 2385,,,,,
1194,,,,,,,,,,,,,,2388; 2389,,,,,
1196,,,,,,,,,,,,,,2392; 2393,,,,,
1198,,,,,,,,,,,,,,2396; 2397,,,,,
1200,,,,,,,,,,,,,,2400; 2401,,,,,
1202,,,,,,,,,,,,,,2404; 2405,,,,,
1204,,,,,,,,,,,,,,2408; 2409,,,,,
1206,,,,,,,,,,,,,,2412; 2413,,,,,
1208,,,,,,,,,,,,,,2416; 2417,,,,,
1210,,,,,,,,,,,,,,2420; 2421,,,,,
1212,,,,,,,,,,,,,,2424; 2425,,,,,
1213,,,,,,,,,,,,,,2426; 2427,,,,,
1214,,,,,,,,,,,,,,2428; 2429,,,,,
1220,,,,,,,,,,,,,,2440; 2441,,,,,
1222,,,,,,,,,,,,,,2444; 2445,,,,,
1224,,,,,,,,,,,,,,2448; 2449,,,,,
1234,,,,,,,,,,,,,,2468; 2469,,,,,
1236,,,,,,,,,,,,,,2472; 2473,,,,,
1244,,,,,,,,,,,,,,2488; 2489,,,,,
1246,,,,,,,,,,,,,,2492; 2493,,,,,
1248,,,,,,,,,,,,,,2496; 2497,,,,,
1250,,,,,,,,,,,,,,2500; 2501,,,,,
1256,,,,,,,,,,,,,,2512; 2513,,,,,
1258,,,,,,,,,,,,,,2516; 2517,,,,,
1264,,,,,,,,,,,,,,2528; 2529,,,,,
1272,,,,,,,,,,,,,,2544; 2545,,,,,
1274,,,,,,,,,,,,,,2548; 2549,,,,,
1276,,,,,,,,,,,,,,2552; 2553,,,,,
1278,,,,,,,,,,,,,,2556; 2557,,,,,
1280,,,,,,,,,,,,,,2560; 2561,,,,,
1281,,,,,,,,,,,,,,2562; 2563,,,,,
1282,,,,,,,,,,,,,,2564; 2565,,,,,
1283,,,,,,,,,,,,,,2566; 2567,,,,,
1284,,,,,,,,,,,,,,2568; 2569,,,,,
1285,,,,,,,,,,,,,,2570; 2571,,,,,
1286,,,,,,,,,,,,,,2572; 2573,,,,,
1287,,,,,,,,,,,,,,2574; 2575,,,,,
1288,,,,,,,,,,,,,,2576; 2577,,,,,
1290,,,,,,,,,,,,,,2580; 2581,,,,,
1292,,,,,,,,,,,,,,2584; 2585,,,,,
1294,,,,,,,,,,,,,,2588; 2589,,,,,
1296,,,,,,,,,,,,,,2592; 2593,,,,,
1297,,,,,,,,,,,,,,2594; 2595,,,,,
1298,,,,,,,,,,,,,,2596; 2597,,,,,
1299,,,,,,,,,,,,,,2598; 2599,,,,,
1300,,,,,,,,,,,,,,2600; 2601,,,,,
1302,,,,,,,,,,,,,,2604; 2605,,,,,
1303,,,,,,,,,,,,,,2606; 2607,,,,,
1304,,,,,,,,,,,,,,2608; 2609,,,,,
1305,,,,,,,,,,,,,,2610; 2611,,,,,
1306,,,,,,,,,,,,,,2612; 2613,,,,,
1307,,,,,,,,,,,,,,2614; 2615,,,,,
1308,,,,,,,,,,,,,,2616; 2617,,,,,
1310,,,,,,,,,,,,,,2620; 2621,,,,,
1311,,,,,,,,,,,,,,2622; 2623,,,,,
1312,,,,,,,,,,,,,,2624; 2625,,,,,
1316,,,,,,,,,,,,,,2632; 2633,,,,,
1318,,,,,,,,,,,,,,2636; 2637,,,,,
1320,,,,,,,,,,,,,,2640; 2641,,,,,
1322,,,,,,,,,,,,,,2644; 2645,,,,,
1324,,,,,,,,,,,,,,2648; 2649,,,,,
1325,,,,,,,,,,,,,,2650; 2651,,,,,
1326,,,,,,,,,,,,,,2652; 2653,,,,,
1327,,,,,,,,,,,,,,2654; 2655,,,,,
1328,,,,,,,,,,,,,,2656; 2657,,,,,
1329,,,,,,,,,,,,,,2658; 2659,,,,,
1330,,,,,,,,,,,,,,2660; 2661,,,,,
1331,,,,,,,,,,,,,,2662; 2663,,,,,
1332,,,,,,,,,,,,,,2664; 2665,,,,,
1333,,,,,,,,,,,,,,2666; 2667,,,,,
1334,,,,,,,,,,,,,,2668; 2669,,,,,
1336,,,,,,,,,,,,,,2672; 2673,,,,,
1337,,,,,,,,,,,,,,2674; 2675,,,,,
1338,,,,,,,,,,,,,,2676; 2677,,,,,
1340,,,,,,,,,,,,,,2680; 2681,,,,,
1342,,,,,,,,,,,,,,2684; 2685,,,,,
1344,,,,,,,,,,,,,,2688; 2689,,,,,
1348,,,,,,,,,,,,,,2696; 2697,,,,,
1349,,,,,,,,,,,,,,2698; 2699,,,,,
1350,,,,,,,,,,,,,,2700; 2701,,,,,
1352,,,,,,,,,,,,,,2704; 2705,,,,,
1354,,,,,,,,,,,,,,2708; 2709,,,,,
1356,,,,,,,,,,,,,,2712; 2713,,,,,
1358,,,,,,,,,,,,,,2716; 2717,,,,,
1360,,,,,,,,,,,,,,2720; 2721,,,,,
1362,,,,,,,,,,,,,,2724; 2725,,,,,
1364,,,,,,,,,,,,,,2728; 2729,,,,,
1366,,,,,,,,,,,,,,2732; 2733,,,,,
1368,,,,,,,,,,,,,,2736; 2737,,,,,
1372,,,,,,,,,,,,,,2744; 2745,,,,,
1373,,,,,,,,,,,,,,2746; 2747,,,,,
1374,,,,,,,,,,,,,,2748; 2749,,,,,
1376,,,,,,,,,,,,,,2752; 2753,,,,,
1378,,,,,,,,,,,,,,2756; 2757,,,,,
1380,,,,,,,,,,,,,,2760; 2761,,,,,
1381,,,,,,,,,,,,,,2762; 2763,,,,,
1382,,,,,,,,,,,,,,2764; 2765,,,,,
1392,,,,,,,,,,,,,,2784; 2785,,,,,
1394,,,,,,,,,,,,,,2788; 2789,,,,,
1396,,,,,,,,,,,,,,2792; 2793,,,,,
1397,,,,,,,,,,,,,,2794; 2795,,,,,
1398,,,,,,,,,,,,,,2796; 2797,,,,,
1400,,,,,,,,,,,,,,2800; 2801,,,,,
1401,,,,,,,,,,,,,,2802; 2803,,,,,
1402,,,,,,,,,,,,,,2804; 2805,,,,,
1403,,,,,,,,,,,,,,2806; 2807,,,,,
1404,,,,,,,,,,,,,,2808; 2809,,,,,
1406,,,,,,,,,,,,,,2812; 2813,,,,,
1407,,,,,,,,,,,,,,2814; 2815,,,,,
1440,,,,,,,,,,,,,,2880; 2881,,,,,
1442,,,,,,,,,,,,,,2884; 2885,,,,,
1444,,,,,,,,,,,,,,2888; 2889,,,,,
1446,,,,,,,,,,,,,,2892; 2893,,,,,
1448,,,,,,,,,,,,,,2896; 2897,,,,,
1449,,,,,,,,,,,,,,2898; 2899,,,,,
1450,,,,,,,,,,,,,,2900; 2901,,,,,
1452,,,,,,,,,,,,,,2904; 2905,,,,,
1453,,,,,,,,,,,,,,2906; 2907,,,,,
1454,,,,,,,,,,,,,,2908; 2909,,,,,
1464,,,,,,,,,,,,,,2928; 2929,,,,,
1465,,,,,,,,,,,,,,2930; 2931,,,,,
1466,,,,,,,,,,,,,,2932; 2933,,,,,
1468,,,,,,,,,,,,,,2936; 2937,,,,,
1470,,,,,,,,,,,,,,2940; 2941,,,,,
1476,,,,,,,,,,,,,,2952; 2953,,,,,
1477,,,,,,,,,,,,,,2954; 2955,,,,,
1478,,,,,,,,,,,,,,2956; 2957,,,,,
1480,,,,,,,,,,,,,,2960; 2961,,,,,
1481,,,,,,,,,,,,,,2962; 2963,,,,,
1482,,,,,,,,,,,,,,2964; 2965,,,,,
1483,,,,,,,,,,,,,,2966; 2967,,,,,
1484,,,,,,,,,,,,,,2968; 2969,,,,,
1485,,,,,,,,,,,,,,2970; 2971,,,,,
1486,,,,,,,,,,,,,,2972; 2973,,,,,
1488,,,,,,,,,,,,,,2976; 2977,,,,,
1489,,,,,,,,,,,,,,2978; 2979,,,,,
1490,,,,,,,,,,,,,,2980; 2981,,,,,
1491,,,,,,,,,,,,,,2982; 2983,,,,,
1492,,,,,,,,,,,,,,2984; 2985,,,,,
1494,,,,,,,,,,,,,,2988; 2989,,,,,
1495,,,,,,,,,,,,,,2990; 2991,,,,,
1496,,,,,,,,,,,,,,2992; 2993,,,,,
1498,,,,,,,,,,,,,,2996; 2997,,,,,
1500,,,,,,,,,,,,,,3000; 3001,,,,,
1502,,,,,,,,,,,,,,3004; 3005,,,,,
1504,,,,,,,,,,,,,,3008; 3009,,,,,
1505,,,,,,,,,,,,,,3010; 3011,,,,,
1506,,,,,,,,,,,,,,3012; 3013,,,,,
1508,,,,,,,,,,,,,,3016; 3017,,,,,
1510,,,,,,,,,,,,,,3020; 3021,,,,,
1512,,,,,,,,,,,,,,3024; 3025,,,,,
1514,,,,,,,,,,,,,,3028; 3029,,,,,
1515,,,,,,,,,,,,,,3030; 3031,,,,,
1516,,,,,,,,,,,,,,3032; 3033,,,,,
1517,,,,,,,,,,,,,,3034; 3035,,,,,
1518,,,,,,,,,,,,,,3036; 3037,,,,,
1519,,,,,,,,,,,,,,3038; 3039,,,,,
1520,,,,,,,,,,,,,,3040; 3041,,,,,
1521,,,,,,,,,,,,,,3042; 3043,,,,,
1522,,,,,,,,,,,,,,3044; 3045,,,,,
1524,,,,,,,,,,,,,,3048; 3049,,,,,
1526,,,,,,,,,,,,,,3052; 3053,,,,,
1528,,,,,,,,,,,,,,3056; 3057,,,,,
1532,,,,,,,,,,,,,,3064; 3065,,,,,
1536,,,,,,,,,,,,,,3072; 3073,,,,,
1544,,,,,,,,,,,,,,3088; 3089,,,,,
1548,,,,,,,,,,,,,,3096; 3097,,,,,
1550,,,,,,,,,,,,,,3100; 3101,,,,,
1552,,,,,,,,,,,,,,3104; 3105,,,,,
1554,,,,,,,,,,,,,,3108; 3109,,,,,
1556,,,,,,,,,,,,,,3112; 3113,,,,,
1558,,,,,,,,,,,,,,3116; 3117,,,,,
1560,,,,,,,,,,,,,,3120; 3121,,,,,
1562,,,,,,,,,,,,,,3124; 3125,,,,,
1564,,,,,,,,,,,,,,3128; 3129,,,,,
1565,,,,,,,,,,,,,,3130; 3131,,,,,
1566,,,,,,,,,,,,,,3132; 3133,,,,,
1568,,,,,,,,,,,,,,3136; 3137,,,,,
1570,,,,,,,,,,,,,,3140; 3141,,,,,
1584,,,,,,,,,,,,,,3168; 3169,,,,,
1585,,,,,,,,,,,,,,3170; 3171,,,,,
1586,,,,,,,,,,,,,,3172; 3173,,,,,
1592,,,,,,,,,,,,,,3184; 3185,,,,,
1593,,,,,,,,,,,,,,3186; 3187,,,,,
1594,,,,,,,,,,,,,,3188; 3189,,,,,
1596,,,,,,,,,,,,,,3192; 3193,,,,,
1597,,,,,,,,,,,,,,3194; 3195,,,,,
1598,,,,,,,,,,,,,,3196; 3197,,,,,
1600,,,,,,,,,,,,,,3200; 3201,,,,,
1602,,,,,,,,,,,,,,3204; 3205,,,,,
1608,,,,,,,,,,,,,,3216; 3217,,,,,
1616,,,,,,,,,,,,,,3232; 3233,,,,,
1617,,,,,,,,,,,,,,3234; 3235,,,,,
1618,,,,,,,,,,,,,,3236; 3237,,,,,
1624,,,,,,,,,,,,,,3248; 3249,,,,,
1626,,,,,,,,,,,,,,3252; 3253,,,,,
1628,,,,,,,,,,,,,,3256; 3257,,,,,
1629,,,,,,,,,,,,,,3258; 3259,,,,,
1630,,,,,,,,,,,,,,3260; 3261,,,,,
1632,,,,,,,,,,,,,,3264; 3265,,,,,
1633,,,,,,,,,,,,,,3266; 3267,,,,,
1634,,,,,,,,,,,,,,3268; 3269,,,,,
1640,,,,,,,,,,,,,,3280; 3281,,,,,
1641,,,,,,,,,,,,,,3282; 3283,,,,,
1644,,,,,,,,,,,,,,3288; 3289,,,,,
1646,,,,,,,,,,,,,,3292; 3293,,,,,
1652,,,,,,,,,,,,,,3304; 3305,,,,,
1654,,,,,,,,,,,,,,3308; 3309,,,,,
1660,,,,,,,,,,,,,,3320; 3321,,,,,
1662,,,,,,,,,,,,,,3324; 3325,,,,,
1664,,,,,,,,,,,,,,3328; 3329,,,,,
1666,,,,,,,,,,,,,,3332; 3333,,,,,
1668,,,,,,,,,,,,,,3336; 3337,,,,,
1669,,,,,,,,,,,,,,3338; 3339,,,,,
1670,,,,,,,,,,,,,,3340; 3341,,,,,
1672,,,,,,,,,,,,,,3344; 3345,,,,,
1676,,,,,,,,,,,,,,3352; 3353,,,,,
1677,,,,,,,,,,,,,,3354; 3355,,,,,
1678,,,,,,,,,,,,,,3356; 3357,,,,,
1696,,,,,,,,,,,,,,3392; 3393,,,,,
1698,,,,,,,,,,,,,,3396; 3397,,,,,
1702,,,,,,,,,,,,,,3404; 3405,,,,,
1703,,,,,,,,,,,,,,3406; 3407,,,,,
1704,,,,,,,,,,,,,,3408; 3409,,,,,
1705,,,,,,,,,,,,,,3410; 3411,,,,,
1706,,,,,,,,,,,,,,3412; 3413,,,,,
1708,,,,,,,,,,,,,,3416; 3417,,,,,
1709,,,,,,,,,,,,,,3418; 3419,,,,,
1710,,,,,,,,,,,,,,3420; 3421,,,,,
1711,,,,,,,,,,,,,,3422; 3423,,,,,
1720,,,,,,,,,,,,,,3440; 3441,,,,,
1722,,,,,,,,,,,,,,3444; 3445,,,,,
1724,,,,,,,,,,,,,,3448; 3449,,,,,
1726,,,,,,,,,,,,,,3452; 3453,,,,,
1728,,,,,,,,,,,,,,3456; 3457,,,,,
1729,,,,,,,,,,,,,,3458; 3459,,,,,
1730,,,,,,,,,,,,,,3460; 3461,,,,,
1732,,,,,,,,,,,,,,3464; 3465,,,,,
1733,,,,,,,,,,,,,,3466; 3467,,,,,
1734,,,,,,,,,,,,,,3468; 3469,,,,,
1735,,,,,,,,,,,,,,3470; 3471,,,,,
1736,,,,,,,,,,,,,,3472; 3473,,,,,
1737,,,,,,,,,,,,,,3474; 3475,,,,,
1738,,,,,,,,,,,,,,3476; 3477,,,,,
1739,,,,,,,,,,,,,,3478; 3479,,,,,
1742,,,,,,,,,,,,,,3484; 3485,,,,,
1743,,,,,,,,,,,,,,3486; 3487,,,,,
1744,,,,,,,,,,,,,,3488; 3489,,,,,
1745,,,,,,,,,,,,,,3490; 3491,,,,,
1746,,,,,,,,,,,,,,3492; 3493,,,,,
1750,,,,,,,,,,,,,,3500; 3501,,,,,
1751,,,,,,,,,,,,,,3502; 3503,,,,,
1754,,,,,,,,,,,,,,3508; 3509,,,,,
1755,,,,,,,,,,,,,,3510; 3511,,,,,
1758,,,,,,,,,,,,,,3516; 3517,,,,,
1762,,,,,,,,,,,,,,3524; 3525,,,,,
1764,,,,,,,,,,,,,,3528; 3529,,,,,
1765,,,,,,,,,,,,,,3530; 3531,,,,,
1766,,,,,,,,,,,,,,3532; 3533,,,,,
1767,,,,,,,,,,,,,,3534; 3535,,,,,
1768,,,,,,,,,,,,,,3536; 3537,,,,,
1769,,,,,,,,,,,,,,3538; 3539,,,,,
1770,,,,,,,,,,,,,,3540; 3541,,,,,
1772,,,,,,,,,,,,,,3544; 3545,,,,,
1773,,,,,,,,,,,,,,3546; 3547,,,,,
1774,,,,,,,,,,,,,,3548; 3549,,,,,
1776,,,,,,,,,,,,,,3552; 3553,,,,,
1777,,,,,,,,,,,,,,3554; 3555,,,,,
1778,,,,,,,,,,,,,,3556; 3557,,,,,
1779,,,,,,,,,,,,,,3558; 3559,,,,,
1780,,,,,,,,,,,,,,3560; 3561,,,,,
1781,,,,,,,,,,,,,,3562; 3563,,,,,
1782,,,,,,,,,,,,,,3564; 3565,,,,,
1783,,,,,,,,,,,,,,3566; 3567,,,,,
1784,,,,,,,,,,,,,,3568; 3569,,,,,
1785,,,,,,,,,,,,,,3570; 3571,,,,,
1786,,,,,,,,,,,,,,3572; 3573,,,,,
1787,,,,,,,,,,,,,,3574; 3575,,,,,
1790,,,,,,,,,,,,,,3580; 3581,,,,,
1791,,,,,,,,,,,,,,3582; 3583,,,,,
1824,,,,,,,,,,,,,,3648; 3649,,,,,
1825,,,,,,,,,,,,,,3650; 3651,,,,,
1832,,,,,,,,,,,,,,3664; 3665,,,,,
1833,,,,,,,,,,,,,,3666; 3667,,,,,
1836,,,,,,,,,,,,,,3672; 3673,,,,,
1837,,,,,,,,,,,,,,3674; 3675,,,,,
1838,,,,,,,,,,,,,,3676; 3677,,,,,
1839,,,,,,,,,,,,,,3678; 3679,,,,,
1880,,,,,,,,,,,,,,3760; 3761,,,,,
1881,,,,,,,,,,,,,,3762; 3763,,,,,
1888,,,,,,,,,,,,,,3776; 3777,,,,,
1889,,,,,,,,,,,,,,3778; 3779,,,,,
1890,,,,,,,,,,,,,,3780; 3781,,,,,
1891,,,,,,,,,,,,,,3782; 3783,,,,,
1904,,,,,,,,,,,,,,3808; 3809,,,,,
1905,,,,,,,,,,,,,,3810; 3811,,,,,
1906,,,,,,,,,,,,,,3812; 3813,,,,,
1907,,,,,,,,,,,,,,3814; 3815,,,,,
1908,,,,,,,,,,,,,,3816; 3817,,,,,
1910,,,,,,,,,,,,,,3820; 3821,,,,,
1911,,,,,,,,,,,,,,3822; 3823,,,,,
1912,,,,,,,,,,,,,,3824; 3825,,,,,
1913,,,,,,,,,,,,,,3826; 3827,,,,,
1914,,,,,,,,,,,,,,3828; 3829,,,,,
1915,,,,,,,,,,,,,,3830; 3831,,,,,
1916,,,,,,,,,,,,,,3832; 3833,,,,,
1917,,,,,,,,,,,,,,3834; 3835,,,,,
1918,,,,,,,,,,,,,,3836; 3837,,,,,
1920,,,,,,,,,,,,,,3840; 3841,,,,,
1921,,,,,,,,,,,,,,3842; 3843,,,,,
1922,,,,,,,,,,,,,,3844; 3845,,,,,
1923,,,,,,,,,,,,,,3846; 3847,,,,,
1924,,,,,,,,,,,,,,3848; 3849,,,,,
1925,,,,,,,,,,,,,,3850; 3851,,,,,
1928,,,,,,,,,,,,,,3856; 3857,,,,,
1929,,,,,,,,,,,,,,3858; 3859,,,,,
1930,,,,,,,,,,,,,,3860; 3861,,,,,
1931,,,,,,,,,,,,,,3862; 3863,,,,,
1932,,,,,,,,,,,,,,3864; 3865,,,,,
1933,,,,,,,,,,,,,,3866; 3867,,,,,
1934,,,,,,,,,,,,,,3868; 3869,,,,,
1935,,,,,,,,,,,,,,3870; 3871,,,,,
1936,,,,,,,,,,,,,,3872; 3873,,,,,
1937,,,,,,,,,,,,,,3874; 3875,,,,,
1938,,,,,,,,,,,,,,3876; 3877,,,,,
1939,,,,,,,,,,,,,,3878; 3879,,,,,
1944,,,,,,,,,,,,,,3888; 3889,,,,,
1945,,,,,,,,,,,,,,3890; 3891,,,,,
1946,,,,,,,,,,,,,,3892; 3893,,,,,
1948,,,,,,,,,,,,,,3896; 3897,,,,,
1949,,,,,,,,,,,,,,3898; 3899,,,,,
1950,,,,,,,,,,,,,,3900; 3901,,,,,
1952,,,,,,,,,,,,,,3904; 3905,,,,,
1954,,,,,,,,,,,,,,3908; 3909,,,,,
1955,,,,,,,,,,,,,,3910; 3911,,,,,
1956,,,,,,,,,,,,,,3912; 3913,,,,,
1957,,,,,,,,,,,,,,3914; 3915,,,,,
1958,,,,,,,,,,,,,,3916; 3917,,,,,
1972,,,,,,,,,,,,,,3944; 3945,,,,,
1973,,,,,,,,,,,,,,3946; 3947,,,,,
1974,,,,,,,,,,,,,,3948; 3949,,,,,
1975,,,,,,,,,,,,,,3950; 3951,,,,,
1976,,,,,,,,,,,,,,3952; 3953,,,,,
1977,,,,,,,,,,,,,,3954; 3955,,,,,
1984,,,,,,,,,,,,,,3968; 3969,,,,,
1985,,,,,,,,,,,,,,3970; 3971,,,,,
2000,,,,,,,,,,,,,,4000; 4001,,,,,
2001,,,,,,,,,,,,,,4002; 4003,,,,,
2008,,,,,,,,,,,,,,4016; 4017,,,,,
2009,,,,,,,,,,,,,,4018; 4019,,,,,
2010,,,,,,,,,,,,,,4020; 4021,,,,,
2011,,,,,,,,,,,,,,4022; 4023,,,,,
2016,,,,,,,,,,,,,,4032; 4033,,,,,
2017,,,,,,,,,,,,,,4034; 4035,,,,,
2018,,,,,,,,,,,,,,4036; 4037,,,,,
2019,,,,,,,,,,,,,,4038; 4039,,,,,
2024,,,,,,,,,,,,,,4048; 4049,,,,,
2025,,,,,,,,,,,,,,4050; 4051,,,,,
2026,,,,,,,,,,,,,,4052; 4053,,,,,
2027,,,,,,,,,,,,,,4054; 4055,,,,,
2036,,,,,,,,,,,,,,4072; 4073,,,,,
2037,,,,,,,,,,,,,,4074; 4075,,,,,
2040,,,,,,,,,,,,,,4080; 4081,,,,,
2041,,,,,,,,,,,,,,4082; 4083,,,,,
2064,,,,,,,,,,,,,,4128; 4129,,,,,
2080,,,,,,,,,,,,,,4160; 4161,,,,,
2088,,,,,,,,,,,,,,4176; 4177,,,,,
2128,,,,,,,,,,,,,,4256; 4257,,,,,
2224,,,,,,,,,,,,,,4448; 4449,,,,,
2332,,,,,,,,,,,,,,4664; 4665,,,,,
2336,,,,,,,,,,,,,,4672; 4673,,,,,
2337,,,,,,,,,,,,,,4674; 4675,,,,,
2338,,,,,,,,,,,,,,4676; 4677,,,,,
2340,,,,,,,,,,,,,,4680; 4681,,,,,
2352,,,,,,,,,,,,,,4704; 4705,,,,,
2356,,,,,,,,,,,,,,4712; 4713,,,,,
2358,,,,,,,,,,,,,,4716; 4717,,,,,
2360,,,,,,,,,,,,,,4720; 4721,,,,,
2362,,,,,,,,,,,,,,4724; 4725,,,,,
2384,,,,,,,,,,,,,,4768; 4769,,,,,
2392,,,,,,,,,,,,,,4784; 4785,,,,,
2416,,,,,,,,,,,,,,4832; 4833,,,,,
2426,,,,,,,,,,,,,,4852; 4853,,,,,
2448,,,,,,,,,,,,,,4896; 4897,,,,,
2560,,,,,,,,,,,,,,5120; 5121,,,,,
2562,,,,,,,,,,,,,,5124; 5125,,,,,
2564,,,,,,,,,,,,,,5128; 5129,,,,,
2566,,,,,,,,,,,,,,5132; 5133,,,,,
2568,,,,,,,,,,,,,,5136; 5137,,,,,
2570,,,,,,,,,,,,,,5140; 5141,,,,,
2572,,,,,,,,,,,,,,5144; 5145,,,,,
2574,,,,,,,,,,,,,,5148; 5149,,,,,
2576,,,,,,,,,,,,,,5152; 5153,,,,,
2592,,,,,,,,,,,,,,5184; 5185,,,,,
2594,,,,,,,,,,,,,,5188; 5189,,,,,
2596,,,,,,,,,,,,,,5192; 5193,,,,,
2598,,,,,,,,,,,,,,5196; 5197,,,,,
2602,,,,,,,,,,,,,,5204; 5205,,,,,
2604,,,,,,,,,,,,,,5208; 5209,,,,,
2606,,,,,,,,,,,,,,5212; 5213,,,,,
2608,,,,,,,,,,,,,,5216; 5217,,,,,
2610,,,,,,,,,,,,,,5220; 5221,,,,,
2612,,,,,,,,,,,,,,5224; 5225,,,,,
2614,,,,,,,,,,,,,,5228; 5229,,,,,
2620,,,,,,,,,,,,,,5240; 5241,,,,,
2622,,,,,,,,,,,,,,5244; 5245,,,,,
2632,,,,,,,,,,,,,,5264; 5265,,,,,
2648,,,,,,,,,,,,,,5296; 5297,,,,,
2650,,,,,,,,,,,,,,5300; 5301,,,,,
2652,,,,,,,,,,,,,,5304; 5305,,,,,
2653,,,,,,,,,,,,,,5306; 5307,,,,,
2654,,,,,,,,,,,,,,5308; 5309,,,,,
2656,,,,,,,,,,,,,,5312; 5313,,,,,
2658,,,,,,,,,,,,,,5316; 5317,,,,,
2660,,,,,,,,,,,,,,5320; 5321,,,,,
2662,,,,,,,,,,,,,,5324; 5325,,,,,
2664,,,,,,,,,,,,,,5328; 5329,,,,,
2666,,,,,,,,,,,,,,5332; 5333,,,,,
2668,,,,,,,,,,,,,,5336; 5337,,,,,
2672,,,,,,,,,,,,,,5344; 5345,,,,,
2674,,,,,,,,,,,,,,5348; 5349,,,,,
2676,,,,,,,,,,,,,,5352; 5353,,,,,
2696,,,,,,,,,,,,,,5392; 5393,,,,,
2698,,,,,,,,,,,,,,5396; 5397,,,,,
2712,,,,,,,,,,,,,,5424; 5425,,,,,
2720,,,,,,,,,,,,,,5440; 5441,,,,,
2746,,,,,,,,,,,,,,5492; 5493,,,,,
2752,,,,,,,,,,,,,,5504; 5505,,,,,
2760,,,,,,,,,,,,,,5520; 5521,,,,,
2762,,,,,,,,,,,,,,5524; 5525,,,,,
2792,,,,,,,,,,,,,,5584; 5585,,,,,
2794,,,,,,,,,,,,,,5588; 5589,,,,,
2800,,,,,,,,,,,,,,5600; 5601,,,,,
2802,,,,,,,,,,,,,,5604; 5605,,,,,
2804,,,,,,,,,,,,,,5608; 5609,,,,,
2806,,,,,,,,,,,,,,5612; 5613,,,,,
2808,,,,,,,,,,,,,,5616; 5617,,,,,
2812,,,,,,,,,,,,,,5624; 5625,,,,,
2813,,,,,,,,,,,,,,5626; 5627,,,,,
2814,,,,,,,,,,,,,,5628; 5629,,,,,
2888,,,,,,,,,,,,,,5776; 5777,,,,,
2896,,,,,,,,,,,,,,5792; 5793,,,,,
2898,,,,,,,,,,,,,,5796; 5797,,,,,
2900,,,,,,,,,,,,,,5800; 5801,,,,,
2904,,,,,,,,,,,,,,5808; 5809,,,,,
2906,,,,,,,,,,,,,,5812; 5813,,,,,
2908,,,,,,,,,,,,,,5816; 5817,,,,,
2928,,,,,,,,,,,,,,5856; 5857,,,,,
2930,,,,,,,,,,,,,,5860; 5861,,,,,
2952,,,,,,,,,,,,,,5904; 5905,,,,,
2954,,,,,,,,,,,,,,5908; 5909,,,,,
2956,,,,,,,,,,,,,,5912; 5913,,,,,
2960,,,,,,,,,,,,,,5920; 5921,,,,,
2962,,,,,,,,,,,,,,5924; 5925,,,,,
2964,,,,,,,,,,,,,,5928; 5929,,,,,
2966,,,,,,,,,,,,,,5932; 5933,,,,,
2970,,,,,,,,,,,,,,5940; 5941,,,,,
2972,,,,,,,,,,,,,,5944; 5945,,,,,
2976,,,,,,,,,,,,,,5952; 5953,,,,,
2978,,,,,,,,,,,,,,5956; 5957,,,,,
2980,,,,,,,,,,,,,,5960; 5961,,,,,
2982,,,,,,,,,,,,,,5964; 5965,,,,,
2984,,,,,,,,,,,,,,5968; 5969,,,,,
2988,,,,,,,,,,,,,,5976; 5977,,,,,
2990,,,,,,,,,,,,,,5980; 5981,,,,,
3000,,,,,,,,,,,,,,6000; 6001,,,,,
3008,,,,,,,,,,,,,,6016; 6017,,,,,
3010,,,,,,,,,,,,,,6020; 6021,,,,,
3012,,,,,,,,,,,,,,6024; 6025,,,,,
3013,,,,,,,,,,,,,,6026; 6027,,,,,
3020,,,,,,,,,,,,,,6040; 6041,,,,,
3028,,,,,,,,,,,,,,6056; 6057,,,,,
3030,,,,,,,,,,,,,,6060; 6061,,,,,
3032,,,,,,,,,,,,,,6064; 6065,,,,,
3034,,,,,,,,,,,,,,6068; 6069,,,,,
3036,,,,,,,,,,,,,,6072; 6073,,,,,
3038,,,,,,,,,,,,,,6076; 6077,,,,,
3042,,,,,,,,,,,,,,6084; 6085,,,,,
3096,,,,,,,,,,,,,,6192; 6193,,,,,
3104,,,,,,,,,,,,,,6208; 6209,,,,,
3112,,,,,,,,,,,,,,6224; 6225,,,,,
3120,,,,,,,,,,,,,,6240; 6241,,,,,
3128,,,,,,,,,,,,,,6256; 6257,,,,,
3130,,,,,,,,,,,,,,6260; 6261,,,,,
3168,,,,,,,,,,,,,,6336; 6337,,,,,
3170,,,,,,,,,,,,,,6340; 6341,,,,,
3184,,,,,,,,,,,,,,6368; 6369,,,,,
3185,,,,,,,,,,,,,,6370; 6371,,,,,
3186,,,,,,,,,,,,,,6372; 6373,,,,,
3192,,,,,,,,,,,,,,6384; 6385,,,,,
3193,,,,,,,,,,,,,,6386; 6387,,,,,
3194,,,,,,,,,,,,,,6388; 6389,,,,,
3204,,,,,,,,,,,,,,6408; 6409,,,,,
3216,,,,,,,,,,,,,,6432; 6433,,,,,
3232,,,,,,,,,,,,,,6464; 6465,,,,,
3234,,,,,,,,,,,,,,6468; 6469,,,,,
3248,,,,,,,,,,,,,,6496; 6497,,,,,
3256,,,,,,,,,,,,,,6512; 6513,,,,,
3258,,,,,,,,,,,,,,6516; 6517,,,,,
3264,,,,,,,,,,,,,,6528; 6529,,,,,
3266,,,,,,,,,,,,,,6532; 6533,,,,,
3280,,,,,,,,,,,,,,6560; 6561,,,,,
3282,,,,,,,,,,,,,,6564; 6565,,,,,
3288,,,,,,,,,,,,,,6576; 6577,,,,,
3320,,,,,,,,,,,,,,6640; 6641,,,,,
3328,,,,,,,,,,,,,,6656; 6657,,,,,
3336,,,,,,,,,,,,,,6672; 6673,,,,,
3338,,,,,,,,,,,,,,6676; 6677,,,,,
3352,,,,,,,,,,,,,,6704; 6705,,,,,
3354,,,,,,,,,,,,,,6708; 6709,,,,,
3355,,,,,,,,,,,,,,6710; 6711,,,,,
3392,,,,,,,,,,,,,,6784; 6785,,,,,
3404,,,,,,,,,,,,,,6808; 6809,,,,,
3406,,,,,,,,,,,,,,6812; 6813,,,,,
3410,,,,,,,,,,,,,,6820; 6821,,,,,
3418,,,,,,,,,,,,,,6836; 6837,,,,,
3420,,,,,,,,,,,,,,6840; 6841,,,,,
3421,,,,,,,,,,,,,,6842; 6843,,,,,
3422,,,,,,,,,,,,,,6844; 6845,,,,,
3456,,,,,,,,,,,,,,6912; 6913,,,,,
3458,,,,,,,,,,,,,,6916; 6917,,,,,
3464,,,,,,,,,,,,,,6928; 6929,,,,,
3466,,,,,,,,,,,,,,6932; 6933,,,,,
3467,,,,,,,,,,,,,,6934; 6935,,,,,
3468,,,,,,,,,,,,,,6936; 6937,,,,,
3469,,,,,,,,,,,,,,6938; 6939,,,,,
3472,,,,,,,,,,,,,,6944; 6945,,,,,
3473,,,,,,,,,,,,,,6946; 6947,,,,,
3474,,,,,,,,,,,,,,6948; 6949,,,,,
3476,,,,,,,,,,,,,,6952; 6953,,,,,
3477,,,,,,,,,,,,,,6954; 6955,,,,,
3478,,,,,,,,,,,,,,6956; 6957,,,,,
3484,,,,,,,,,,,,,,6968; 6969,,,,,
3485,,,,,,,,,,,,,,6970; 6971,,,,,
3486,,,,,,,,,,,,,,6972; 6973,,,,,
3490,,,,,,,,,,,,,,6980; 6981,,,,,
3500,,,,,,,,,,,,,,7000; 7001,,,,,
3502,,,,,,,,,,,,,,7004; 7005,,,,,
3510,,,,,,,,,,,,,,7020; 7021,,,,,
3528,,,,,,,,,,,,,,7056; 7057,,,,,
3529,,,,,,,,,,,,,,7058; 7059,,,,,
3530,,,,,,,,,,,,,,7060; 7061,,,,,
3534,,,,,,,,,,,,,,7068; 7069,,,,,
3536,,,,,,,,,,,,,,7072; 7073,,,,,
3537,,,,,,,,,,,,,,7074; 7075,,,,,
3538,,,,,,,,,,,,,,7076; 7077,,,,,
3544,,,,,,,,,,,,,,7088; 7089,,,,,
3546,,,,,,,,,,,,,,7092; 7093,,,,,
3552,,,,,,,,,,,,,,7104; 7105,,,,,
3554,,,,,,,,,,,,,,7108; 7109,,,,,
3560,,,,,,,,,,,,,,7120; 7121,,,,,
3561,,,,,,,,,,,,,,7122; 7123,,,,,
3562,,,,,,,,,,,,,,7124; 7125,,,,,
3564,,,,,,,,,,,,,,7128; 7129,,,,,
3565,,,,,,,,,,,,,,7130; 7131,,,,,
3566,,,,,,,,,,,,,,7132; 7133,,,,,
3570,,,,,,,,,,,,,,7140; 7141,,,,,
3572,,,,,,,,,,,,,,7144; 7145,,,,,
3574,,,,,,,,,,,,,,7148; 7149,,,,,
3580,,,,,,,,,,,,,,7160; 7161,,,,,
3581,,,,,,,,,,,,,,7162; 7163,,,,,
3582,,,,,,,,,,,,,,7164; 7165,,,,,
3664,,,,,,,,,,,,,,7328; 7329,,,,,
3666,,,,,,,,,,,,,,7332; 7333,,,,,
3667,,,,,,,,,,,,,,7334; 7335,,,,,
3672,,,,,,,,,,,,,,7344; 7345,,,,,
3776,,,,,,,,,,,,,,7552; 7553,,,,,
3777,,,,,,,,,,,,,,7554; 7555,,,,,
3778,,,,,,,,,,,,,,7556; 7557,,,,,
3779,,,,,,,,,,,,,,7558; 7559,,,,,
3780,,,,,,,,,,,,,,7560; 7561,,,,,
3781,,,,,,,,,,,,,,7562; 7563,,,,,
3782,,,,,,,,,,,,,,7564; 7565,,,,,
3808,,,,,,,,,,,,,,7616; 7617,,,,,
3809,,,,,,,,,,,,,,7618; 7619,,,,,
3810,,,,,,,,,,,,,,7620; 7621,,,,,
3811,,,,,,,,,,,,,,7622; 7623,,,,,
3812,,,,,,,,,,,,,,7624; 7625,,,,,
3813,,,,,,,,,,,,,,7626; 7627,,,,,
3814,,,,,,,,,,,,,,7628; 7629,,,,,
3815,,,,,,,,,,,,,,7630; 7631,,,,,
3816,,,,,,,,,,,,,,7632; 7633,,,,,
3817,,,,,,,,,,,,,,7634; 7635,,,,,
3824,,,,,,,,,,,,,,7648; 7649,,,,,
3825,,,,,,,,,,,,,,7650; 7651,,,,,
3826,,,,,,,,,,,,,,7652; 7653,,,,,
3828,,,,,,,,,,,,,,7656; 7657,,,,,
3829,,,,,,,,,,,,,,7658; 7659,,,,,
3832,,,,,,,,,,,,,,7664; 7665,,,,,
3833,,,,,,,,,,,,,,7666; 7667,,,,,
3834,,,,,,,,,,,,,,7668; 7669,,,,,
3840,,,,,,,,,,,,,,7680; 7681,,,,,
3841,,,,,,,,,,,,,,7682; 7683,,,,,
3842,,,,,,,,,,,,,,7684; 7685,,,,,
3843,,,,,,,,,,,,,,7686; 7687,,,,,
3844,,,,,,,,,,,,,,7688; 7689,,,,,
3845,,,,,,,,,,,,,,7690; 7691,,,,,
3846,,,,,,,,,,,,,,7692; 7693,,,,,
3848,,,,,,,,,,,,,,7696; 7697,,,,,
3849,,,,,,,,,,,,,,7698; 7699,,,,,
3850,,,,,,,,,,,,,,7700; 7701,,,,,
3856,,,,,,,,,,,,,,7712; 7713,,,,,
3857,,,,,,,,,,,,,,7714; 7715,,,,,
3860,,,,,,,,,,,,,,7720; 7721,,,,,
3861,,,,,,,,,,,,,,7722; 7723,,,,,
3862,,,,,,,,,,,,,,7724; 7725,,,,,
3863,,,,,,,,,,,,,,7726; 7727,,,,,
3864,,,,,,,,,,,,,,7728; 7729,,,,,
3865,,,,,,,,,,,,,,7730; 7731,,,,,
3868,,,,,,,,,,,,,,7736; 7737,,,,,
3869,,,,,,,,,,,,,,7738; 7739,,,,,
3870,,,,,,,,,,,,,,7740; 7741,,,,,
3871,,,,,,,,,,,,,,7742; 7743,,,,,
3872,,,,,,,,,,,,,,7744; 7745,,,,,
3874,,,,,,,,,,,,,,7748; 7749,,,,,
3875,,,,,,,,,,,,,,7750; 7751,,,,,
3876,,,,,,,,,,,,,,7752; 7753,,,,,
3877,,,,,,,,,,,,,,7754; 7755,,,,,
3878,,,,,,,,,,,,,,7756; 7757,,,,,
3879,,,,,,,,,,,,,,7758; 7759,,,,,
3888,,,,,,,,,,,,,,7776; 7777,,,,,
3889,,,,,,,,,,,,,,7778; 7779,,,,,
3890,,,,,,,,,,,,,,7780; 7781,,,,,
3891,,,,,,,,,,,,,,7782; 7783,,,,,
3896,,,,,,,,,,,,,,7792; 7793,,,,,
3898,,,,,,,,,,,,,,7796; 7797,,,,,
3899,,,,,,,,,,,,,,7798; 7799,,,,,
3908,,,,,,,,,,,,,,7816; 7817,,,,,
3909,,,,,,,,,,,,,,7818; 7819,,,,,
3910,,,,,,,,,,,,,,7820; 7821,,,,,
3944,,,,,,,,,,,,,,7888; 7889,,,,,
3945,,,,,,,,,,,,,,7890; 7891,,,,,
3946,,,,,,,,,,,,,,7892; 7893,,,,,
3948,,,,,,,,,,,,,,7896; 7897,,,,,
3949,,,,,,,,,,,,,,7898; 7899,,,,,
3950,,,,,,,,,,,,,,7900; 7901,,,,,
3951,,,,,,,,,,,,,,7902; 7903,,,,,
3952,,,,,,,,,,,,,,7904; 7905,,,,,
3953,,,,,,,,,,,,,,7906; 7907,,,,,
3954,,,,,,,,,,,,,,7908; 7909,,,,,
3968,,,,,,,,,,,,,,7936; 7937,,,,,
3970,,,,,,,,,,,,,,7940; 7941,,,,,
4016,,,,,,,,,,,,,,8032; 8033,,,,,
4017,,,,,,,,,,,,,,8034; 8035,,,,,
4018,,,,,,,,,,,,,,8036; 8037,,,,,
4020,,,,,,,,,,,,,,8040; 8041,,,,,
4021,,,,,,,,,,,,,,8042; 8043,,,,,
4022,,,,,,,,,,,,,,8044; 8045,,,,,
4032,,,,,,,,,,,,,,8064; 8065,,,,,
4033,,,,,,,,,,,,,,8066; 8067,,,,,
4034,,,,,,,,,,,,,,8068; 8069,,,,,
4035,,,,,,,,,,,,,,8070; 8071,,,,,
4036,,,,,,,,,,,,,,8072; 8073,,,,,
4037,,,,,,,,,,,,,,8074; 8075,,,,,
4050,,,,,,,,,,,,,,8100; 8101,,,,,
4052,,,,,,,,,,,,,,8104; 8105,,,,,
4053,,,,,,,,,,,,,,8106; 8107,,,,,
4054,,,,,,,,,,,,,,8108; 8109,,,,,
4055,,,,,,,,,,,,,,8110; 8111,,,,,
4072,,,,,,,,,,,,,,8144; 8145,,,,,
4073,,,,,,,,,,,,,,8146; 8147,,,,,
4074,,,,,,,,,,,,,,8148; 8149,,,,,
4080,,,,,,,,,,,,,,8160; 8161,,,,,
4081,,,,,,,,,,,,,,8162; 8163,,,,,
4128,,,,,,,,,,,,,,8256; 8257,,,,,
4672,,,,,,,,,,,,,,9344; 9345,,,,,
4704,,,,,,,,,,,,,,9408; 9409,,,,,
5120,,,,,,,,,,,,,,10240; 10241,,,,,
5124,,,,,,,,,,,,,,10248; 10249,,,,,
5128,,,,,,,,,,,,,,10256; 10257,,,,,
5132,,,,,,,,,,,,,,10264; 10265,,,,,
5144,,,,,,,,,,,,,,10288; 10289,,,,,
5184,,,,,,,,,,,,,,10368; 10369,,,,,
5192,,,,,,,,,,,,,,10384; 10385,,,,,
5224,,,,,,,,,,,,,,10448; 10449,,,,,
5306,,,,,,,,,,,,,,10612; 10613,,,,,
5320,,,,,,,,,,,,,,10640; 10641,,,,,
5440,,,,,,,,,,,,,,10880; 10881,,,,,
5612,,,,,,,,,,,,,,11224; 11225,,,,,
5616,,,,,,,,,,,,,,11232; 11233,,,,,
5624,,,,,,,,,,,,,,11248; 11249,,,,,
5626,,,,,,,,,,,,,,11252; 11253,,,,,
5792,,,,,,,,,,,,,,11584; 11585,,,,,
5912,,,,,,,,,,,,,,11824; 11825,,,,,
6000,,,,,,,,,,,,,,12000; 12001,,,,,
6024,,,,,,,,,,,,,,12048; 12049,,,,,
6026,,,,,,,,,,,,,,12052; 12053,,,,,
6040,,,,,,,,,,,,,,12080; 12081,,,,,
6068,,,,,,,,,,,,,,12136; 12137,,,,,
6256,,,,,,,,,,,,,,12512; 12513,,,,,
6336,,,,,,,,,,,,,,12672; 12673,,,,,
6370,,,,,,,,,,,,,,12740; 12741,,,,,
6384,,,,,,,,,,,,,,12768; 12769,,,,,
6386,,,,,,,,,,,,,,12772; 12773,,,,,
6528,,,,,,,,,,,,,,13056; 13057,,,,,
6560,,,,,,,,,,,,,,13120; 13121,,,,,
6704,,,,,,,,,,,,,,13408; 13409,,,,,
6708,,,,,,,,,,,,,,13416; 13417,,,,,
6709,,,,,,,,,,,,,,13418; 13419,,,,,
6710,,,,,,,,,,,,,,13420; 13421,,,,,
6842,,,,,,,,,,,,,,13684; 13685,,,,,
6934,,,,,,,,,,,,,,13868; 13869,,,,,
6936,,,,,,,,,,,,,,13872; 13873,,,,,
6937,,,,,,,,,,,,,,13874; 13875,,,,,
6938,,,,,,,,,,,,,,13876; 13877,,,,,
6939,,,,,,,,,,,,,,13878; 13879,,,,,
6944,,,,,,,,,,,,,,13888; 13889,,,,,
6946,,,,,,,,,,,,,,13892; 13893,,,,,
6954,,,,,,,,,,,,,,13908; 13909,,,,,
6968,,,,,,,,,,,,,,13936; 13937,,,,,
6970,,,,,,,,,,,,,,13940; 13941,,,,,
7056,,,,,,,,,,,,,,14112; 14113,,,,,
7058,,,,,,,,,,,,,,14116; 14117,,,,,
7072,,,,,,,,,,,,,,14144; 14145,,,,,
7074,,,,,,,,,,,,,,14148; 14149,,,,,
7122,,,,,,,,,,,,,,14244; 14245,,,,,
7128,,,,,,,,,,,,,,14256; 14257,,,,,
7130,,,,,,,,,,,,,,14260; 14261,,,,,
7140,,,,,,,,,,,,,,14280; 14281,,,,,
7141,,,,,,,,,,,,,,14282; 14283,,,,,
7160,,,,,,,,,,,,,,14320; 14321,,,,,
7162,,,,,,,,,,,,,,14324; 14325,,,,,
7328,,,,,,,,,,,,,,14656; 14657,,,,,
7329,,,,,,,,,,,,,,14658; 14659,,,,,
7344,,,,,,,,,,,,,,14688; 14689,,,,,
7552,,,,,,,,,,,,,,15104; 15105,,,,,
7556,,,,,,,,,,,,,,15112; 15113,,,,,
7557,,,,,,,,,,,,,,15114; 15115,,,,,
7558,,,,,,,,,,,,,,15116; 15117,,,,,
7560,,,,,,,,,,,,,,15120; 15121,,,,,
7562,,,,,,,,,,,,,,15124; 15125,,,,,
7616,,,,,,,,,,,,,,15232; 15233,,,,,
7618,,,,,,,,,,,,,,15236; 15237,,,,,
7619,,,,,,,,,,,,,,15238; 15239,,,,,
7620,,,,,,,,,,,,,,15240; 15241,,,,,
7621,,,,,,,,,,,,,,15242; 15243,,,,,
7622,,,,,,,,,,,,,,15244; 15245,,,,,
7624,,,,,,,,,,,,,,15248; 15249,,,,,
7625,,,,,,,,,,,,,,15250; 15251,,,,,
7626,,,,,,,,,,,,,,15252; 15253,,,,,
7627,,,,,,,,,,,,,,15254; 15255,,,,,
7628,,,,,,,,,,,,,,15256; 15257,,,,,
7629,,,,,,,,,,,,,,15258; 15259,,,,,
7630,,,,,,,,,,,,,,15260; 15261,,,,,
7631,,,,,,,,,,,,,,15262; 15263,,,,,
7632,,,,,,,,,,,,,,15264; 15265,,,,,
7633,,,,,,,,,,,,,,15266; 15267,,,,,
7648,,,,,,,,,,,,,,15296; 15297,,,,,
7649,,,,,,,,,,,,,,15298; 15299,,,,,
7650,,,,,,,,,,,,,,15300; 15301,,,,,
7651,,,,,,,,,,,,,,15302; 15303,,,,,
7656,,,,,,,,,,,,,,15312; 15313,,,,,
7658,,,,,,,,,,,,,,15316; 15317,,,,,
7659,,,,,,,,,,,,,,15318; 15319,,,,,
7664,,,,,,,,,,,,,,15328; 15329,,,,,
7665,,,,,,,,,,,,,,15330; 15331,,,,,
7666,,,,,,,,,,,,,,15332; 15333,,,,,
7680,,,,,,,,,,,,,,15360; 15361,,,,,
7682,,,,,,,,,,,,,,15364; 15365,,,,,
7683,,,,,,,,,,,,,,15366; 15367,,,,,
7684,,,,,,,,,,,,,,15368; 15369,,,,,
7685,,,,,,,,,,,,,,15370; 15371,,,,,
7686,,,,,,,,,,,,,,15372; 15373,,,,,
7687,,,,,,,,,,,,,,15374; 15375,,,,,
7690,,,,,,,,,,,,,,15380; 15381,,,,,
7696,,,,,,,,,,,,,,15392; 15393,,,,,
7697,,,,,,,,,,,,,,15394; 15395,,,,,
7698,,,,,,,,,,,,,,15396; 15397,,,,,
7714,,,,,,,,,,,,,,15428; 15429,,,,,
7720,,,,,,,,,,,,,,15440; 15441,,,,,
7721,,,,,,,,,,,,,,15442; 15443,,,,,
7722,,,,,,,,,,,,,,15444; 15445,,,,,
7724,,,,,,,,,,,,,,15448; 15449,,,,,
7725,,,,,,,,,,,,,,15450; 15451,,,,,
7726,,,,,,,,,,,,,,15452; 15453,,,,,
7728,,,,,,,,,,,,,,15456; 15457,,,,,
7729,,,,,,,,,,,,,,15458; 15459,,,,,
7730,,,,,,,,,,,,,,15460; 15461,,,,,
7731,,,,,,,,,,,,,,15462; 15463,,,,,
7736,,,,,,,,,,,,,,15472; 15473,,,,,
7737,,,,,,,,,,,,,,15474; 15475,,,,,
7738,,,,,,,,,,,,,,15476; 15477,,,,,
7740,,,,,,,,,,,,,,15480; 15481,,,,,
7741,,,,,,,,,,,,,,15482; 15483,,,,,
7742,,,,,,,,,,,,,,15484; 15485,,,,,
7748,,,,,,,,,,,,,,15496; 15497,,,,,
7749,,,,,,,,,,,,,,15498; 15499,,,,,
7750,,,,,,,,,,,,,,15500; 15501,,,,,
7753,,,,,,,,,,,,,,15506; 15507,,,,,
7754,,,,,,,,,,,,,,15508; 15509,,,,,
7755,,,,,,,,,,,,,,15510; 15511,,,,,
7758,,,,,,,,,,,,,,15516; 15517,,,,,
7759,,,,,,,,,,,,,,15518; 15519,,,,,
7776,,,,,,,,,,,,,,15552; 15553,,,,,
7777,,,,,,,,,,,,,,15554; 15555,,,,,
7778,,,,,,,,,,,,,,15556; 15557,,,,,
7780,,,,,,,,,,,,,,15560; 15561,,,,,
7781,,,,,,,,,,,,,,15562; 15563,,,,,
7782,,,,,,,,,,,,,,15564; 15565,,,,,
7792,,,,,,,,,,,,,,15584; 15585,,,,,
7793,,,,,,,,,,,,,,15586; 15587,,,,,
7796,,,,,,,,,,,,,,15592; 15593,,,,,
7816,,,,,,,,,,,,,,15632; 15633,,,,,
7817,,,,,,,,,,,,,,15634; 15635,,,,,
7818,,,,,,,,,,,,,,15636; 15637,,,,,
7819,,,,,,,,,,,,,,15638; 15639,,,,,
7888,,,,,,,,,,,,,,15776; 15777,,,,,
7889,,,,,,,,,,,,,,15778; 15779,,,,,
7890,,,,,,,,,,,,,,15780; 15781,,,,,
7896,,,,,,,,,,,,,,15792; 15793,,,,,
7897,,,,,,,,,,,,,,15794; 15795,,,,,
7898,,,,,,,,,,,,,,15796; 15797,,,,,
7900,,,,,,,,,,,,,,15800; 15801,,,,,
7901,,,,,,,,,,,,,,15802; 15803,,,,,
7902,,,,,,,,,,,,,,15804; 15805,,,,,
7904,,,,,,,,,,,,,,15808; 15809,,,,,
7905,,,,,,,,,,,,,,15810; 15811,,,,,
7906,,,,,,,,,,,,,,15812; 15813,,,,,
8032,,,,,,,,,,,,,,16064; 16065,,,,,
8033,,,,,,,,,,,,,,16066; 16067,,,,,
8034,,,,,,,,,,,,,,16068; 16069,,,,,
8035,,,,,,,,,,,,,,16070; 16071,,,,,
8040,,,,,,,,,,,,,,16080; 16081,,,,,
8042,,,,,,,,,,,,,,16084; 16085,,,,,
8064,,,,,,,,,,,,,,16128; 16129,,,,,
8065,,,,,,,,,,,,,,16130; 16131,,,,,
8070,,,,,,,,,,,,,,16140; 16141,,,,,
8072,,,,,,,,,,,,,,16144; 16145,,,,,
8074,,,,,,,,,,,,,,16148; 16149,,,,,
8104,,,,,,,,,,,,,,16208; 16209,,,,,
8105,,,,,,,,,,,,,,16210; 16211,,,,,
8106,,,,,,,,,,,,,,16212; 16213,,,,,
8108,,,,,,,,,,,,,,16216; 16217,,,,,
8109,,,,,,,,,,,,,,16218; 16219,,,,,
8110,,,,,,,,,,,,,,16220; 16221,,,,,
8111,,,,,,,,,,,,,,16222; 16223,,,,,
8144,,,,,,,,,,,,,,16288; 16289,,,,,
8145,,,,,,,,,,,,,,16290; 16291,,,,,
8146,,,,,,,,,,,,,,16292; 16293,,,,,
10240,,,,,,,,,,,,,,20480; 20481,,,,,
10256,,,,,,,,,,,,,,20512; 20513,,,,,
10264,,,,,,,,,,,,,,20528; 20529,,,,,
10448,,,,,,,,,,,,,,20896; 20897,,,,,
10880,,,,,,,,,,,,,,21760; 21761,,,,,
13416,,,,,,,,,,,,,,26832; 26833,,,,,
13418,,,,,,,,,,,,,,26836; 26837,,,,,
13874,,,,,,,,,,,,,,27748; 27749,,,,,
13876,,,,,,,,,,,,,,27752; 27753,,,,,
13878,,,,,,,,,,,,,,27756; 27757,,,,,
14280,,,,,,,,,,,,,,28560; 28561,,,,,
14656,,,,,,,,,,,,,,29312; 29313,,,,,
14688,,,,,,,,,,,,,,29376; 29377,,,,,
15104,,,,,,,,,,,,,,30208; 30209,,,,,
15105,,,,,,,,,,,,,,30210; 30211,,,,,
15112,,,,,,,,,,,,,,30224; 30225,,,,,
15113,,,,,,,,,,,,,,30226; 30227,,,,,
15120,,,,,,,,,,,,,,30240; 30241,,,,,
15121,,,,,,,,,,,,,,30242; 30243,,,,,
15232,,,,,,,,,,,,,,30464; 30465,,,,,
15233,,,,,,,,,,,,,,30466; 30467,,,,,
15236,,,,,,,,,,,,,,30472; 30473,,,,,
15237,,,,,,,,,,,,,,30474; 30475,,,,,
15238,,,,,,,,,,,,,,30476; 30477,,,,,
15240,,,,,,,,,,,,,,30480; 30481,,,,,
15241,,,,,,,,,,,,,,30482; 30483,,,,,
15242,,,,,,,,,,,,,,30484; 30485,,,,,
15248,,,,,,,,,,,,,,30496; 30497,,,,,
15249,,,,,,,,,,,,,,30498; 30499,,,,,
15252,,,,,,,,,,,,,,30504; 30505,,,,,
15253,,,,,,,,,,,,,,30506; 30507,,,,,
15254,,,,,,,,,,,,,,30508; 30509,,,,,
15256,,,,,,,,,,,,,,30512; 30513,,,,,
15258,,,,,,,,,,,,,,30516; 30517,,,,,
15259,,,,,,,,,,,,,,30518; 30519,,,,,
15260,,,,,,,,,,,,,,30520; 30521,,,,,
15261,,,,,,,,,,,,,,30522; 30523,,,,,
15262,,,,,,,,,,,,,,30524; 30525,,,,,
15263,,,,,,,,,,,,,,30526; 30527,,,,,
15264,,,,,,,,,,,,,,30528; 30529,,,,,
15265,,,,,,,,,,,,,,30530; 30531,,,,,
15296,,,,,,,,,,,,,,30592; 30593,,,,,
15297,,,,,,,,,,,,,,30594; 30595,,,,,
15298,,,,,,,,,,,,,,30596; 30597,,,,,
15300,,,,,,,,,,,,,,30600; 30601,,,,,
15301,,,,,,,,,,,,,,30602; 30603,,,,,
15302,,,,,,,,,,,,,,30604; 30605,,,,,
15316,,,,,,,,,,,,,,30632; 30633,,,,,
15317,,,,,,,,,,,,,,30634; 30635,,,,,
15318,,,,,,,,,,,,,,30636; 30637,,,,,
15319,,,,,,,,,,,,,,30638; 30639,,,,,
15328,,,,,,,,,,,,,,30656; 30657,,,,,
15329,,,,,,,,,,,,,,30658; 30659,,,,,
15364,,,,,,,,,,,,,,30728; 30729,,,,,
15366,,,,,,,,,,,,,,30732; 30733,,,,,
15367,,,,,,,,,,,,,,30734; 30735,,,,,
15368,,,,,,,,,,,,,,30736; 30737,,,,,
15370,,,,,,,,,,,,,,30740; 30741,,,,,
15371,,,,,,,,,,,,,,30742; 30743,,,,,
15372,,,,,,,,,,,,,,30744; 30745,,,,,
15373,,,,,,,,,,,,,,30746; 30747,,,,,
15374,,,,,,,,,,,,,,30748; 30749,,,,,
15392,,,,,,,,,,,,,,30784; 30785,,,,,
15393,,,,,,,,,,,,,,30786; 30787,,,,,
15394,,,,,,,,,,,,,,30788; 30789,,,,,
15444,,,,,,,,,,,,,,30888; 30889,,,,,
15445,,,,,,,,,,,,,,30890; 30891,,,,,
15448,,,,,,,,,,,,,,30896; 30897,,,,,
15449,,,,,,,,,,,,,,30898; 30899,,,,,
15450,,,,,,,,,,,,,,30900; 30901,,,,,
15458,,,,,,,,,,,,,,30916; 30917,,,,,
15460,,,,,,,,,,,,,,30920; 30921,,,,,
15461,,,,,,,,,,,,,,30922; 30923,,,,,
15462,,,,,,,,,,,,,,30924; 30925,,,,,
15472,,,,,,,,,,,,,,30944; 30945,,,,,
15473,,,,,,,,,,,,,,30946; 30947,,,,,
15474,,,,,,,,,,,,,,30948; 30949,,,,,
15475,,,,,,,,,,,,,,30950; 30951,,,,,
15496,,,,,,,,,,,,,,30992; 30993,,,,,
15497,,,,,,,,,,,,,,30994; 30995,,,,,
15498,,,,,,,,,,,,,,30996; 30997,,,,,
15499,,,,,,,,,,,,,,30998; 30999,,,,,
15506,,,,,,,,,,,,,,31012; 31013,,,,,
15508,,,,,,,,,,,,,,31016; 31017,,,,,
15509,,,,,,,,,,,,,,31018; 31019,,,,,
15510,,,,,,,,,,,,,,31020; 31021,,,,,
15518,,,,,,,,,,,,,,31036; 31037,,,,,
15519,,,,,,,,,,,,,,31038; 31039,,,,,
15552,,,,,,,,,,,,,,31104; 31105,,,,,
15553,,,,,,,,,,,,,,31106; 31107,,,,,
15554,,,,,,,,,,,,,,31108; 31109,,,,,
15560,,,,,,,,,,,,,,31120; 31121,,,,,
15562,,,,,,,,,,,,,,31124; 31125,,,,,
15563,,,,,,,,,,,,,,31126; 31127,,,,,
15564,,,,,,,,,,,,,,31128; 31129,,,,,
15565,,,,,,,,,,,,,,31130; 31131,,,,,
15584,,,,,,,,,,,,,,31168; 31169,,,,,
15585,,,,,,,,,,,,,,31170; 31171,,,,,
15586,,,,,,,,,,,,,,31172; 31173,,,,,
15587,,,,,,,,,,,,,,31174; 31175,,,,,
15592,,,,,,,,,,,,,,31184; 31185,,,,,
15593,,,,,,,,,,,,,,31186; 31187,,,,,
15632,,,,,,,,,,,,,,31264; 31265,,,,,
15633,,,,,,,,,,,,,,31266; 31267,,,,,
15634,,,,,,,,,,,,,,31268; 31269,,,,,
15636,,,,,,,,,,,,,,31272; 31273,,,,,
15638,,,,,,,,,,,,,,31276; 31277,,,,,
15776,,,,,,,,,,,,,,31552; 31553,,,,,
15777,,,,,,,,,,,,,,31554; 31555,,,,,
15778,,,,,,,,,,,,,,31556; 31557,,,,,
15779,,,,,,,,,,,,,,31558; 31559,,,,,
15792,,,,,,,,,,,,,,31584; 31585,,,,,
15800,,,,,,,,,,,,,,31600; 31601,,,,,
15808,,,,,,,,,,,,,,31616; 31617,,,,,
15809,,,,,,,,,,,,,,31618; 31619,,,,,
15810,,,,,,,,,,,,,,31620; 31621,,,,,
16066,,,,,,,,,,,,,,32132; 32133,,,,,
16067,,,,,,,,,,,,,,32134; 32135,,,,,
16068,,,,,,,,,,,,,,32136; 32137,,,,,
16069,,,,,,,,,,,,,,32138; 32139,,,,,
16080,,,,,,,,,,,,,,32160; 32161,,,,,
16081,,,,,,,,,,,,,,32162; 32163,,,,,
16128,,,,,,,,,,,,,,32256; 32257,,,,,
16129,,,,,,,,,,,,,,32258; 32259,,,,,
16144,,,,,,,,,,,,,,32288; 32289,,,,,
16145,,,,,,,,,,,,,,32290; 32291,,,,,
16210,,,,,,,,,,,,,,32420; 32421,,,,,
16216,,,,,,,,,,,,,,32432; 32433,,,,,
16218,,,,,,,,,,,,,,32436; 32437,,,,,
16220,,,,,,,,,,,,,,32440; 32441,,,,,
16222,,,,,,,,,,,,,,32444; 32445,,,,,
16288,,,,,,,,,,,,,,32576; 32577,,,,,
16289,,,,,,,,,,,,,,32578; 32579,,,,,
16290,,,,,,,,,,,,,,32580; 32581,,,,,
16291,,,,,,,,,,,,,,32582; 32583,,,,,
29312,,,,,,,,,,,,,,58624; 58625,,,,,
29376,,,,,,,,,,,,,,58752; 58753,,,,,
30208,,,,,,,,,,,,,,60416; 60417,,,,,
30210,,,,,,,,,,,,,,60420; 60421,,,,,
30224,,,,,,,,,,,,,,60448; 60449,,,,,
30225,,,,,,,,,,,,,,60450; 60451,,,,,
30226,,,,,,,,,,,,,,60452; 60453,,,,,
30227,,,,,,,,,,,,,,60454; 60455,,,,,
30240,,,,,,,,,,,,,,60480; 60481,,,,,
30241,,,,,,,,,,,,,,60482; 60483,,,,,
30242,,,,,,,,,,,,,,60484; 60485,,,,,
30464,,,,,,,,,,,,,,60928; 60929,,,,,
30465,,,,,,,,,,,,,,60930; 60931,,,,,
30474,,,,,,,,,,,,,,60948; 60949,,,,,
30475,,,,,,,,,,,,,,60950; 60951,,,,,
30476,,,,,,,,,,,,,,60952; 60953,,,,,
30477,,,,,,,,,,,,,,60954; 60955,,,,,
30480,,,,,,,,,,,,,,60960; 60961,,,,,
30482,,,,,,,,,,,,,,60964; 60965,,,,,
30484,,,,,,,,,,,,,,60968; 60969,,,,,
30485,,,,,,,,,,,,,,60970; 60971,,,,,
30496,,,,,,,,,,,,,,60992; 60993,,,,,
30498,,,,,,,,,,,,,,60996; 60997,,,,,
30504,,,,,,,,,,,,,,61008; 61009,,,,,
30506,,,,,,,,,,,,,,61012; 61013,,,,,
30507,,,,,,,,,,,,,,61014; 61015,,,,,
30512,,,,,,,,,,,,,,61024; 61025,,,,,
30516,,,,,,,,,,,,,,61032; 61033,,,,,
30518,,,,,,,,,,,,,,61036; 61037,,,,,
30520,,,,,,,,,,,,,,61040; 61041,,,,,
30521,,,,,,,,,,,,,,61042; 61043,,,,,
30522,,,,,,,,,,,,,,61044; 61045,,,,,
30526,,,,,,,,,,,,,,61052; 61053,,,,,
30530,,,,,,,,,,,,,,61060; 61061,,,,,
30594,,,,,,,,,,,,,,61188; 61189,,,,,
30600,,,,,,,,,,,,,,61200; 61201,,,,,
30602,,,,,,,,,,,,,,61204; 61205,,,,,
30603,,,,,,,,,,,,,,61206; 61207,,,,,
30632,,,,,,,,,,,,,,61264; 61265,,,,,
30633,,,,,,,,,,,,,,61266; 61267,,,,,
30636,,,,,,,,,,,,,,61272; 61273,,,,,
30637,,,,,,,,,,,,,,61274; 61275,,,,,
30638,,,,,,,,,,,,,,61276; 61277,,,,,
30656,,,,,,,,,,,,,,61312; 61313,,,,,
30657,,,,,,,,,,,,,,61314; 61315,,,,,
30658,,,,,,,,,,,,,,61316; 61317,,,,,
30659,,,,,,,,,,,,,,61318; 61319,,,,,
30728,,,,,,,,,,,,,,61456; 61457,,,,,
30729,,,,,,,,,,,,,,61458; 61459,,,,,
30732,,,,,,,,,,,,,,61464; 61465,,,,,
30733,,,,,,,,,,,,,,61466; 61467,,,,,
30734,,,,,,,,,,,,,,61468; 61469,,,,,
30736,,,,,,,,,,,,,,61472; 61473,,,,,
30737,,,,,,,,,,,,,,61474; 61475,,,,,
30740,,,,,,,,,,,,,,61480; 61481,,,,,
30741,,,,,,,,,,,,,,61482; 61483,,,,,
30742,,,,,,,,,,,,,,61484; 61485,,,,,
30744,,,,,,,,,,,,,,61488; 61489,,,,,
30745,,,,,,,,,,,,,,61490; 61491,,,,,
30746,,,,,,,,,,,,,,61492; 61493,,,,,
30784,,,,,,,,,,,,,,61568; 61569,,,,,
30785,,,,,,,,,,,,,,61570; 61571,,,,,
30786,,,,,,,,,,,,,,61572; 61573,,,,,
30890,,,,,,,,,,,,,,61780; 61781,,,,,
30898,,,,,,,,,,,,,,61796; 61797,,,,,
30920,,,,,,,,,,,,,,61840; 61841,,,,,
30921,,,,,,,,,,,,,,61842; 61843,,,,,
30922,,,,,,,,,,,,,,61844; 61845,,,,,
30923,,,,,,,,,,,,,,61846; 61847,,,,,
30944,,,,,,,,,,,,,,61888; 61889,,,,,
30945,,,,,,,,,,,,,,61890; 61891,,,,,
30946,,,,,,,,,,,,,,61892; 61893,,,,,
30948,,,,,,,,,,,,,,61896; 61897,,,,,
30950,,,,,,,,,,,,,,61900; 61901,,,,,
30992,,,,,,,,,,,,,,61984; 61985,,,,,
30996,,,,,,,,,,,,,,61992; 61993,,,,,
31036,,,,,,,,,,,,,,62072; 62073,,,,,
31037,,,,,,,,,,,,,,62074; 62075,,,,,
31104,,,,,,,,,,,,,,62208; 62209,,,,,
31120,,,,,,,,,,,,,,62240; 62241,,,,,
31121,,,,,,,,,,,,,,62242; 62243,,,,,
31124,,,,,,,,,,,,,,62248; 62249,,,,,
31126,,,,,,,,,,,,,,62252; 62253,,,,,
31128,,,,,,,,,,,,,,62256; 62257,,,,,
31130,,,,,,,,,,,,,,62260; 62261,,,,,
31168,,,,,,,,,,,,,,62336; 62337,,,,,
31169,,,,,,,,,,,,,,62338; 62339,,,,,
31170,,,,,,,,,,,,,,62340; 62341,,,,,
31172,,,,,,,,,,,,,,62344; 62345,,,,,
31173,,,,,,,,,,,,,,62346; 62347,,,,,
31174,,,,,,,,,,,,,,62348; 62349,,,,,
31186,,,,,,,,,,,,,,62372; 62373,,,,,
31264,,,,,,,,,,,,,,62528; 62529,,,,,
31265,,,,,,,,,,,,,,62530; 62531,,,,,
31554,,,,,,,,,,,,,,63108; 63109,,,,,
31600,,,,,,,,,,,,,,63200; 63201,,,,,
31616,,,,,,,,,,,,,,63232; 63233,,,,,
31617,,,,,,,,,,,,,,63234; 63235,,,,,
32132,,,,,,,,,,,,,,64264; 64265,,,,,
32160,,,,,,,,,,,,,,64320; 64321,,,,,
32161,,,,,,,,,,,,,,64322; 64323,,,,,
32162,,,,,,,,,,,,,,64324; 64325,,,,,
32256,,,,,,,,,,,,,,64512; 64513,,,,,
32257,,,,,,,,,,,,,,64514; 64515,,,,,
32288,,,,,,,,,,,,,,64576; 64577,,,,,
32289,,,,,,,,,,,,,,64578; 64579,,,,,
32290,,,,,,,,,,,,,,64580; 64581,,,,,
32440,,,,,,,,,,,,,,64880; 64881,,,,,
32441,,,,,,,,,,,,,,64882; 64883,,,,,
32578,,,,,,,,,,,,,,65156; 65157,,,,,
32580,,,,,,,,,,,,,,65160; 65161,,,,,
32582,,,,,,,,,,,,,,65164; 65165,,,,,
32583,,,,,,,,,,,,,,65166; 65167,,,,,
58752,,,,,,,,,,,,,,117504; 117505,,,,,
60416,,,,,,,,,,,,,,120832; 120833,,,,,
60420,,,,,,,,,,,,,,120840; 120841,,,,,
60452,,,,,,,,,,,,,,120904; 120905,,,,,
60480,,,,,,,,,,,,,,120960; 120961,,,,,
60482,,,,,,,,,,,,,,120964; 120965,,,,,
60483,,,,,,,,,,,,,,120966; 120967,,,,,
60928,,,,,,,,,,,,,,121856; 121857,,,,,
60952,,,,,,,,,,,,,,121904; 121905,,,,,
60953,,,,,,,,,,,,,,121906; 121907,,,,,
60954,,,,,,,,,,,,,,121908; 121909,,,,,
60960,,,,,,,,,,,,,,121920; 121921,,,,,
60968,,,,,,,,,,,,,,121936; 121937,,,,,
60970,,,,,,,,,,,,,,121940; 121941,,,,,
60992,,,,,,,,,,,,,,121984; 121985,,,,,
61008,,,,,,,,,,,,,,122016; 122017,,,,,
61012,,,,,,,,,,,,,,122024; 122025,,,,,
61013,,,,,,,,,,,,,,122026; 122027,,,,,
61014,,,,,,,,,,,,,,122028; 122029,,,,,
61040,,,,,,,,,,,,,,122080; 122081,,,,,
61042,,,,,,,,,,,,,,122084; 122085,,,,,
61043,,,,,,,,,,,,,,122086; 122087,,,,,
61188,,,,,,,,,,,,,,122376; 122377,,,,,
61204,,,,,,,,,,,,,,122408; 122409,,,,,
61205,,,,,,,,,,,,,,122410; 122411,,,,,
61206,,,,,,,,,,,,,,122412; 122413,,,,,
61264,,,,,,,,,,,,,,122528; 122529,,,,,
61266,,,,,,,,,,,,,,122532; 122533,,,,,
61272,,,,,,,,,,,,,,122544; 122545,,,,,
61273,,,,,,,,,,,,,,122546; 122547,,,,,
61274,,,,,,,,,,,,,,122548; 122549,,,,,
61312,,,,,,,,,,,,,,122624; 122625,,,,,
61313,,,,,,,,,,,,,,122626; 122627,,,,,
61314,,,,,,,,,,,,,,122628; 122629,,,,,
61315,,,,,,,,,,,,,,122630; 122631,,,,,
61316,,,,,,,,,,,,,,122632; 122633,,,,,
61317,,,,,,,,,,,,,,122634; 122635,,,,,
61456,,,,,,,,,,,,,,122912; 122913,,,,,
61458,,,,,,,,,,,,,,122916; 122917,,,,,
61464,,,,,,,,,,,,,,122928; 122929,,,,,
61465,,,,,,,,,,,,,,122930; 122931,,,,,
61466,,,,,,,,,,,,,,122932; 122933,,,,,
61467,,,,,,,,,,,,,,122934; 122935,,,,,
61480,,,,,,,,,,,,,,122960; 122961,,,,,
61481,,,,,,,,,,,,,,122962; 122963,,,,,
61482,,,,,,,,,,,,,,122964; 122965,,,,,
61484,,,,,,,,,,,,,,122968; 122969,,,,,
61485,,,,,,,,,,,,,,122970; 122971,,,,,
61490,,,,,,,,,,,,,,122980; 122981,,,,,
61491,,,,,,,,,,,,,,122982; 122983,,,,,
61568,,,,,,,,,,,,,,123136; 123137,,,,,
61569,,,,,,,,,,,,,,123138; 123139,,,,,
61840,,,,,,,,,,,,,,123680; 123681,,,,,
61841,,,,,,,,,,,,,,123682; 123683,,,,,
61842,,,,,,,,,,,,,,123684; 123685,,,,,
61843,,,,,,,,,,,,,,123686; 123687,,,,,
61846,,,,,,,,,,,,,,123692; 123693,,,,,
61888,,,,,,,,,,,,,,123776; 123777,,,,,
61889,,,,,,,,,,,,,,123778; 123779,,,,,
61896,,,,,,,,,,,,,,123792; 123793,,,,,
61984,,,,,,,,,,,,,,123968; 123969,,,,,
61985,,,,,,,,,,,,,,123970; 123971,,,,,
62074,,,,,,,,,,,,,,124148; 124149,,,,,
62075,,,,,,,,,,,,,,124150; 124151,,,,,
62240,,,,,,,,,,,,,,124480; 124481,,,,,
62248,,,,,,,,,,,,,,124496; 124497,,,,,
62260,,,,,,,,,,,,,,124520; 124521,,,,,
62261,,,,,,,,,,,,,,124522; 124523,,,,,
62336,,,,,,,,,,,,,,124672; 124673,,,,,
62337,,,,,,,,,,,,,,124674; 124675,,,,,
62338,,,,,,,,,,,,,,124676; 124677,,,,,
62346,,,,,,,,,,,,,,124692; 124693,,,,,
62528,,,,,,,,,,,,,,125056; 125057,,,,,
62529,,,,,,,,,,,,,,125058; 125059,,,,,
62530,,,,,,,,,,,,,,125060; 125061,,,,,
64264,,,,,,,,,,,,,,128528; 128529,,,,,
64265,,,,,,,,,,,,,,128530; 128531,,,,,
64320,,,,,,,,,,,,,,128640; 128641,,,,,
64321,,,,,,,,,,,,,,128642; 128643,,,,,
64322,,,,,,,,,,,,,,128644; 128645,,,,,
64512,,,,,,,,,,,,,,129024; 129025,,,,,
64513,,,,,,,,,,,,,,129026; 129027,,,,,
64578,,,,,,,,,,,,,,129156; 129157,,,,,
64880,,,,,,,,,,,,,,129760; 129761,,,,,
65164,,,,,,,,,,,,,,130328; 130329,,,,,
65165,,,,,,,,,,,,,,130330; 130331,,,,,
65166,,,,,,,,,,,,,,130332; 130333,,,,,
65167,,,,,,,,,,,,,,130334; 130335,,,,,
121904,,,,,,,,,,,,,,243808; 243809,,,,,
122024,,,,,,,,,,,,,,244048; 244049,,,,,
122025,,,,,,,,,,,,,,244050; 244051,,,,,
122026,,,,,,,,,,,,,,244052; 244053,,,,,
122027,,,,,,,,,,,,,,244054; 244055,,,,,
122084,,,,,,,,,,,,,,244168; 244169,,,,,
122085,,,,,,,,,,,,,,244170; 244171,,,,,
122086,,,,,,,,,,,,,,244172; 244173,,,,,
122376,,,,,,,,,,,,,,244752; 244753,,,,,
122410,,,,,,,,,,,,,,244820; 244821,,,,,
122528,,,,,,,,,,,,,,245056; 245057,,,,,
122532,,,,,,,,,,,,,,245064; 245065,,,,,
122544,,,,,,,,,,,,,,245088; 245089,,,,,
122546,,,,,,,,,,,,,,245092; 245093,,,,,
122547,,,,,,,,,,,,,,245094; 245095,,,,,
122628,,,,,,,,,,,,,,245256; 245257,,,,,
122934,,,,,,,,,,,,,,245868; 245869,,,,,
122935,,,,,,,,,,,,,,245870; 245871,,,,,
122960,,,,,,,,,,,,,,245920; 245921,,,,,
122962,,,,,,,,,,,,,,245924; 245925,,,,,
122963,,,,,,,,,,,,,,245926; 245927,,,,,
122970,,,,,,,,,,,,,,245940; 245941,,,,,
122980,,,,,,,,,,,,,,245960; 245961,,,,,
123682,,,,,,,,,,,,,,247364; 247365,,,,,
123683,,,,,,,,,,,,,,247366; 247367,,,,,
123684,,,,,,,,,,,,,,247368; 247369,,,,,
123685,,,,,,,,,,,,,,247370; 247371,,,,,
123686,,,,,,,,,,,,,,247372; 247373,,,,,
123687,,,,,,,,,,,,,,247374; 247375,,,,,
123776,,,,,,,,,,,,,,247552; 247553,,,,,
123777,,,,,,,,,,,,,,247554; 247555,,,,,
123792,,,,,,,,,,,,,,247584; 247585,,,,,
123968,,,,,,,,,,,,,,247936; 247937,,,,,
123969,,,,,,,,,,,,,,247938; 247939,,,,,
124148,,,,,,,,,,,,,,248296; 248297,,,,,
124149,,,,,,,,,,,,,,248298; 248299,,,,,
124522,,,,,,,,,,,,,,249044; 249045,,,,,
124672,,,,,,,,,,,,,,249344; 249345,,,,,
124673,,,,,,,,,,,,,,249346; 249347,,,,,
124676,,,,,,,,,,,,,,249352; 249353,,,,,
124677,,,,,,,,,,,,,,249354; 249355,,,,,
125056,,,,,,,,,,,,,,250112; 250113,,,,,
125058,,,,,,,,,,,,,,250116; 250117,,,,,
128528,,,,,,,,,,,,,,257056; 257057,,,,,
128529,,,,,,,,,,,,,,257058; 257059,,,,,
128530,,,,,,,,,,,,,,257060; 257061,,,,,
128642,,,,,,,,,,,,,,257284; 257285,,,,,
129024,,,,,,,,,,,,,,258048; 258049,,,,,
129025,,,,,,,,,,,,,,258050; 258051,,,,,
129026,,,,,,,,,,,,,,258052; 258053,,,,,
129027,,,,,,,,,,,,,,258054; 258055,,,,,
129760,,,,,,,,,,,,,,259520; 259521,,,,,
130328,,,,,,,,,,,,,,260656; 260657,,,,,
130329,,,,,,,,,,,,,,260658; 260659,,,,,
130330,,,,,,,,,,,,,,260660; 260661,,,,,
130332,,,,,,,,,,,,,,260664; 260665,,,,,
244050,,,,,,,,,,,,,,488100; 488101,,,,,
244052,,,,,,,,,,,,,,488104; 488105,,,,,
244054,,,,,,,,,,,,,,488108; 488109,,,,,
244170,,,,,,,,,,,,,,488340; 488341,,,,,
244172,,,,,,,,,,,,,,488344; 488345,,,,,
244820,,,,,,,,,,,,,,489640; 489641,,,,,
245056,,,,,,,,,,,,,,490112; 490113,,,,,
245868,,,,,,,,,,,,,,491736; 491737,,,,,
245870,,,,,,,,,,,,,,491740; 491741,,,,,
245926,,,,,,,,,,,,,,491852; 491853,,,,,
245927,,,,,,,,,,,,,,491854; 491855,,,,,
247364,,,,,,,,,,,,,,494728; 494729,,,,,
247365,,,,,,,,,,,,,,494730; 494731,,,,,
247368,,,,,,,,,,,,,,494736; 494737,,,,,
247369,,,,,,,,,,,,,,494738; 494739,,,,,
247370,,,,,,,,,,,,,,494740; 494741,,,,,
247372,,,,,,,,,,,,,,494744; 494745,,,,,
247373,,,,,,,,,,,,,,494746; 494747,,,,,
247374,,,,,,,,,,,,,,494748; 494749,,,,,
247375,,,,,,,,,,,,,,494750; 494751,,,,,
247552,,,,,,,,,,,,,,495104; 495105,,,,,
247936,,,,,,,,,,,,,,495872; 495873,,,,,
247937,,,,,,,,,,,,,,495874; 495875,,,,,
248296,,,,,,,,,,,,,,496592; 496593,,,,,
249340,,,,,,,,,,,,,,498680; 498681,,,,,
249346,,,,,,,,,,,,,,498692; 498693,,,,,
249347,,,,,,,,,,,,,,498694; 498695,,,,,
249354,,,,,,,,,,,,,,498708; 498709,,,,,
257056,,,,,,,,,,,,,,514112; 514113,,,,,
257058,,,,,,,,,,,,,,514116; 514117,,,,,
257059,,,,,,,,,,,,,,514118; 514119,,,,,
258048,,,,,,,,,,,,,,516096; 516097,,,,,
258052,,,,,,,,,,,,,,516104; 516105,,,,,
258054,,,,,,,,,,,,,,516108; 516109,,,,,
260656,,,,,,,,,,,,,,521312; 521313,,,,,
260658,,,,,,,,,,,,,,521316; 521317,,,,,
488100,,,,,,,,,,,,,,976200; 976201,,,,,
488344,,,,,,,,,,,,,,976688; 976689,,,,,
489640,,,,,,,,,,,,,,979280; 979281,,,,,
490112,,,,,,,,,,,,,,980224; 980225,,,,,
491736,,,,,,,,,,,,,,983472; 983473,,,,,
491855,,,,,,,,,,,,,,983710; 983711,,,,,
494730,,,,,,,,,,,,,,989460; 989461,,,,,
494731,,,,,,,,,,,,,,989462; 989463,,,,,
494738,,,,,,,,,,,,,,989476; 989477,,,,,
494739,,,,,,,,,,,,,,989478; 989479,,,,,
494746,,,,,,,,,,,,,,989492; 989493,,,,,
494750,,,,,,,,,,,,,,989500; 989501,,,,,
496592,,,,,,,,,,,,,,993184; 993185,,,,,
498692,,,,,,,,,,,,,,997384; 997385,,,,,
498694,,,,,,,,,,,,,,997388; 997389,,,,,
514112,,,,,,,,,,,,,,1028224; 1028225,,,,,
514116,,,,,,,,,,,,,,1028232; 1028233,,,,,
516096,,,,,,,,,,,,,,1032192; 1032193,,,,,
521312,,,,,,,,,,,,,,1042624; 1042625,,,,,
976200,,,,,,,,,,,,,,1952400; 1952401,,,,,
979280,,,,,,,,,,,,,,1958560; 1958561,,,,,
989460,,,,,,,,,,,,,,1978920; 1978921,,,,,
989478,,,,,,,,,,,,,,1978956; 1978957,,,,,
989500,,,,,,,,,,,,,,1979000; 1979001,,,,,
997384,,,,,,,,,,,,,,1994768; 1994769,,,,,
1028234,,,,,,,,,,,,,,2056468; 2056469,,,,,
1028235,,,,,,,,,,,,,,2056470; 2056471,,,,,
1042624,,,,,,,,,,,,,,2085248; 2085249,,,,,
1952400,,,,,,,,,,,,,,3904800; 3904801,,,,,
1979000,,,,,,,,,,,,,,3958000; 3958001,,,,,
1979001,,,,,,,,,,,,,,3958002; 3958003,,,,,